{
  "version": 1,
  "author": "Abdullah Iqbal",
  "editor": "wokwi",
  "parts": [
    { "type": "wokwi-arduino-mega", "id": "mega", "top": 0, "left": 0, "attrs": {} },
    { "type": "wokwi-74hc595", "id": "sr2", "top": -346.8, "left": 562.24, "attrs": {} },
    { "type": "wokwi-74hc595", "id": "sr3", "top": -289.2, "left": 562.24, "attrs": {} },
    { "type": "wokwi-74hc595", "id": "sr4", "top": -212.4, "left": 562.24, "attrs": {} },
    { "type": "wokwi-74hc595", "id": "sr5", "top": -154.8, "left": 562.24, "attrs": {} },
    { "type": "wokwi-74hc595", "id": "sr6", "top": -58.8, "left": 562.24, "attrs": {} },
    { "type": "wokwi-74hc595", "id": "sr7", "top": 8.4, "left": 562.24, "attrs": {} },
    { "type": "wokwi-74hc595", "id": "sr8", "top": 75.6, "left": 562.24, "attrs": {} },
    { "type": "wokwi-74hc595", "id": "sr9", "top": 133.2, "left": 562.24, "attrs": {} },
    { "type": "wokwi-74hc595", "id": "sr10", "top": 190.8, "left": 562.24, "attrs": {} },
    { "type": "wokwi-74hc595", "id": "sr11", "top": 258, "left": 562.24, "attrs": {} },
    { "type": "wokwi-74hc595", "id": "sr12", "top": 315.6, "left": 562.24, "attrs": {} },
    { "type": "wokwi-74hc595", "id": "sr13", "top": 373.2, "left": 562.24, "attrs": {} },
    { "type": "wokwi-74hc595", "id": "sr14", "top": 430.8, "left": 562.24, "attrs": {} },
    { "type": "wokwi-74hc595", "id": "sr15", "top": 488.4, "left": 562.24, "attrs": {} },
    { "type": "wokwi-74hc595", "id": "sr16", "top": 565.2, "left": 562.24, "attrs": {} },
    { "type": "wokwi-74hc595", "id": "sr17", "top": 632.4, "left": 562.24, "attrs": {} },
    {
      "type": "wokwi-gnd",
      "id": "gnd2",
      "top": -440.2,
      "left": 623.8,
      "rotate": 180,
      "attrs": {}
    },
    { "type": "wokwi-vcc", "id": "vcc1", "top": -431.24, "left": 556.8, "attrs": {} },
    { "type": "wokwi-mux-2", "id": "mux1", "top": -1584, "left": 873.6, "attrs": {} },
    { "type": "wokwi-mux-2", "id": "mux2", "top": -1526.4, "left": 873.6, "attrs": {} },
    { "type": "wokwi-mux-2", "id": "mux3", "top": -1459.2, "left": 873.6, "attrs": {} },
    { "type": "wokwi-mux-2", "id": "mux4", "top": -1411.2, "left": 883.2, "attrs": {} },
    { "type": "wokwi-mux-2", "id": "mux5", "top": -1353.6, "left": 883.2, "attrs": {} },
    { "type": "wokwi-mux-2", "id": "mux6", "top": -1286.4, "left": 883.2, "attrs": {} },
    { "type": "wokwi-mux-2", "id": "mux7", "top": -1228.8, "left": 883.2, "attrs": {} },
    { "type": "wokwi-mux-2", "id": "mux8", "top": -1171.2, "left": 883.2, "attrs": {} },
    { "type": "wokwi-mux-2", "id": "mux9", "top": -1488, "left": 1075.2, "attrs": {} },
    { "type": "wokwi-mux-2", "id": "mux10", "top": -1430.4, "left": 1075.2, "attrs": {} },
    { "type": "wokwi-mux-2", "id": "mux11", "top": -1363.2, "left": 1075.2, "attrs": {} },
    { "type": "wokwi-mux-2", "id": "mux12", "top": -1315.2, "left": 1084.8, "attrs": {} },
    { "type": "wokwi-mux-2", "id": "mux13", "top": -1440, "left": 1248, "attrs": {} },
    { "type": "wokwi-mux-2", "id": "mux14", "top": -1382.4, "left": 1248, "attrs": {} },
    { "type": "wokwi-mux-2", "id": "mux15", "top": -1411.2, "left": 1401.6, "attrs": {} },
    { "type": "wokwi-mux-2", "id": "mux16", "top": -1104, "left": 892.8, "attrs": {} },
    { "type": "wokwi-mux-2", "id": "mux17", "top": -1046.4, "left": 892.8, "attrs": {} },
    { "type": "wokwi-mux-2", "id": "mux18", "top": -979.2, "left": 892.8, "attrs": {} },
    { "type": "wokwi-mux-2", "id": "mux19", "top": -931.2, "left": 902.4, "attrs": {} },
    { "type": "wokwi-mux-2", "id": "mux20", "top": -873.6, "left": 902.4, "attrs": {} },
    { "type": "wokwi-mux-2", "id": "mux21", "top": -806.4, "left": 902.4, "attrs": {} },
    { "type": "wokwi-mux-2", "id": "mux22", "top": -739.2, "left": 892.8, "attrs": {} },
    { "type": "wokwi-mux-2", "id": "mux23", "top": -691.2, "left": 902.4, "attrs": {} },
    { "type": "wokwi-mux-2", "id": "mux24", "top": -1008, "left": 1094.4, "attrs": {} },
    { "type": "wokwi-mux-2", "id": "mux25", "top": -950.4, "left": 1094.4, "attrs": {} },
    { "type": "wokwi-mux-2", "id": "mux26", "top": -883.2, "left": 1094.4, "attrs": {} },
    { "type": "wokwi-mux-2", "id": "mux27", "top": -835.2, "left": 1104, "attrs": {} },
    { "type": "wokwi-mux-2", "id": "mux28", "top": -960, "left": 1267.2, "attrs": {} },
    { "type": "wokwi-mux-2", "id": "mux29", "top": -902.4, "left": 1267.2, "attrs": {} },
    { "type": "wokwi-mux-2", "id": "mux30", "top": -931.2, "left": 1420.8, "attrs": {} },
    { "type": "wokwi-mux-2", "id": "mux46", "top": -153.6, "left": 950.4, "attrs": {} },
    { "type": "wokwi-mux-2", "id": "mux47", "top": -96, "left": 950.4, "attrs": {} },
    { "type": "wokwi-mux-2", "id": "mux48", "top": -28.8, "left": 950.4, "attrs": {} },
    { "type": "wokwi-mux-2", "id": "mux49", "top": 19.2, "left": 960, "attrs": {} },
    { "type": "wokwi-mux-2", "id": "mux50", "top": 76.8, "left": 960, "attrs": {} },
    { "type": "wokwi-mux-2", "id": "mux51", "top": 144, "left": 960, "attrs": {} },
    { "type": "wokwi-mux-2", "id": "mux52", "top": 211.2, "left": 950.4, "attrs": {} },
    { "type": "wokwi-mux-2", "id": "mux53", "top": 259.2, "left": 960, "attrs": {} },
    { "type": "wokwi-mux-2", "id": "mux54", "top": -57.6, "left": 1152, "attrs": {} },
    { "type": "wokwi-mux-2", "id": "mux55", "top": 0, "left": 1152, "attrs": {} },
    { "type": "wokwi-mux-2", "id": "mux56", "top": 67.2, "left": 1152, "attrs": {} },
    { "type": "wokwi-mux-2", "id": "mux57", "top": 115.2, "left": 1161.6, "attrs": {} },
    { "type": "wokwi-mux-2", "id": "mux58", "top": -9.6, "left": 1324.8, "attrs": {} },
    { "type": "wokwi-mux-2", "id": "mux59", "top": 48, "left": 1324.8, "attrs": {} },
    { "type": "wokwi-mux-2", "id": "mux60", "top": 19.2, "left": 1478.4, "attrs": {} },
    { "type": "wokwi-mux-2", "id": "mux61", "top": 336, "left": 940.8, "attrs": {} },
    { "type": "wokwi-mux-2", "id": "mux62", "top": 393.6, "left": 940.8, "attrs": {} },
    { "type": "wokwi-mux-2", "id": "mux63", "top": 460.8, "left": 940.8, "attrs": {} },
    { "type": "wokwi-mux-2", "id": "mux64", "top": 528, "left": 921.6, "attrs": {} },
    { "type": "wokwi-mux-2", "id": "mux65", "top": 585.6, "left": 921.6, "attrs": {} },
    { "type": "wokwi-mux-2", "id": "mux66", "top": 652.8, "left": 921.6, "attrs": {} },
    { "type": "wokwi-mux-2", "id": "mux67", "top": 710.4, "left": 921.6, "attrs": {} },
    { "type": "wokwi-mux-2", "id": "mux68", "top": 768, "left": 921.6, "attrs": {} },
    { "type": "wokwi-mux-2", "id": "mux69", "top": 432, "left": 1142.4, "attrs": {} },
    { "type": "wokwi-mux-2", "id": "mux70", "top": 489.6, "left": 1142.4, "attrs": {} },
    { "type": "wokwi-mux-2", "id": "mux71", "top": 576, "left": 1113.6, "attrs": {} },
    { "type": "wokwi-mux-2", "id": "mux72", "top": 624, "left": 1123.2, "attrs": {} },
    { "type": "wokwi-mux-2", "id": "mux73", "top": 480, "left": 1315.2, "attrs": {} },
    { "type": "wokwi-mux-2", "id": "mux74", "top": 556.8, "left": 1286.4, "attrs": {} },
    { "type": "wokwi-mux-2", "id": "mux75", "top": 528, "left": 1440, "attrs": {} },
    { "type": "wokwi-mux-2", "id": "mux76", "top": 835.2, "left": 931.2, "attrs": {} },
    { "type": "wokwi-mux-2", "id": "mux77", "top": 892.8, "left": 931.2, "attrs": {} },
    { "type": "wokwi-mux-2", "id": "mux78", "top": 960, "left": 931.2, "attrs": {} },
    { "type": "wokwi-mux-2", "id": "mux79", "top": 1008, "left": 940.8, "attrs": {} },
    { "type": "wokwi-mux-2", "id": "mux80", "top": 1065.6, "left": 940.8, "attrs": {} },
    { "type": "wokwi-mux-2", "id": "mux81", "top": 1132.8, "left": 940.8, "attrs": {} },
    { "type": "wokwi-mux-2", "id": "mux82", "top": 1200, "left": 931.2, "attrs": {} },
    { "type": "wokwi-mux-2", "id": "mux83", "top": 1248, "left": 940.8, "attrs": {} },
    { "type": "wokwi-mux-2", "id": "mux84", "top": 931.2, "left": 1132.8, "attrs": {} },
    { "type": "wokwi-mux-2", "id": "mux85", "top": 988.8, "left": 1132.8, "attrs": {} },
    { "type": "wokwi-mux-2", "id": "mux86", "top": 1056, "left": 1132.8, "attrs": {} },
    { "type": "wokwi-mux-2", "id": "mux87", "top": 1104, "left": 1142.4, "attrs": {} },
    { "type": "wokwi-mux-2", "id": "mux88", "top": 979.2, "left": 1305.6, "attrs": {} },
    { "type": "wokwi-mux-2", "id": "mux89", "top": 1036.8, "left": 1305.6, "attrs": {} },
    { "type": "wokwi-mux-2", "id": "mux90", "top": 1008, "left": 1459.2, "attrs": {} },
    { "type": "wokwi-mux-2", "id": "mux91", "top": 1305.6, "left": 969.6, "attrs": {} },
    { "type": "wokwi-mux-2", "id": "mux92", "top": 1363.2, "left": 969.6, "attrs": {} },
    { "type": "wokwi-mux-2", "id": "mux93", "top": 1430.4, "left": 969.6, "attrs": {} },
    { "type": "wokwi-mux-2", "id": "mux94", "top": 1478.4, "left": 979.2, "attrs": {} },
    { "type": "wokwi-mux-2", "id": "mux95", "top": 1536, "left": 979.2, "attrs": {} },
    { "type": "wokwi-mux-2", "id": "mux96", "top": 1603.2, "left": 979.2, "attrs": {} },
    { "type": "wokwi-mux-2", "id": "mux97", "top": 1660.8, "left": 979.2, "attrs": {} },
    { "type": "wokwi-mux-2", "id": "mux98", "top": 1718.4, "left": 979.2, "attrs": {} },
    { "type": "wokwi-mux-2", "id": "mux99", "top": 1401.6, "left": 1171.2, "attrs": {} },
    { "type": "wokwi-mux-2", "id": "mux100", "top": 1459.2, "left": 1171.2, "attrs": {} },
    { "type": "wokwi-mux-2", "id": "mux101", "top": 1526.4, "left": 1171.2, "attrs": {} },
    { "type": "wokwi-mux-2", "id": "mux102", "top": 1574.4, "left": 1180.8, "attrs": {} },
    { "type": "wokwi-mux-2", "id": "mux103", "top": 1449.6, "left": 1344, "attrs": {} },
    { "type": "wokwi-mux-2", "id": "mux104", "top": 1507.2, "left": 1344, "attrs": {} },
    { "type": "wokwi-mux-2", "id": "mux105", "top": 1478.4, "left": 1497.6, "attrs": {} },
    { "type": "wokwi-mux-2", "id": "mux106", "top": 1785.6, "left": 1036.8, "attrs": {} },
    { "type": "wokwi-mux-2", "id": "mux107", "top": 1843.2, "left": 1036.8, "attrs": {} },
    { "type": "wokwi-mux-2", "id": "mux108", "top": 1910.4, "left": 1036.8, "attrs": {} },
    { "type": "wokwi-mux-2", "id": "mux109", "top": 1958.4, "left": 1046.4, "attrs": {} },
    { "type": "wokwi-mux-2", "id": "mux110", "top": 2016, "left": 1046.4, "attrs": {} },
    { "type": "wokwi-mux-2", "id": "mux111", "top": 2083.2, "left": 1046.4, "attrs": {} },
    { "type": "wokwi-mux-2", "id": "mux112", "top": 2150.4, "left": 1036.8, "attrs": {} },
    { "type": "wokwi-mux-2", "id": "mux113", "top": 2198.4, "left": 1056, "attrs": {} },
    { "type": "wokwi-mux-2", "id": "mux114", "top": 1881.6, "left": 1238.4, "attrs": {} },
    { "type": "wokwi-mux-2", "id": "mux115", "top": 1939.2, "left": 1238.4, "attrs": {} },
    { "type": "wokwi-mux-2", "id": "mux116", "top": 2006.4, "left": 1238.4, "attrs": {} },
    { "type": "wokwi-mux-2", "id": "mux117", "top": 2054.4, "left": 1248, "attrs": {} },
    { "type": "wokwi-mux-2", "id": "mux118", "top": 1929.6, "left": 1411.2, "attrs": {} },
    { "type": "wokwi-mux-2", "id": "mux119", "top": 1987.2, "left": 1411.2, "attrs": {} },
    { "type": "wokwi-mux-2", "id": "mux120", "top": 1958.4, "left": 1564.8, "attrs": {} },
    {
      "type": "wokwi-led",
      "id": "led9",
      "top": -1760.4,
      "left": 1923.8,
      "attrs": { "color": "red" }
    },
    {
      "type": "wokwi-led",
      "id": "led10",
      "top": -1760.4,
      "left": 1875.8,
      "attrs": { "color": "red" }
    },
    {
      "type": "wokwi-led",
      "id": "led11",
      "top": -1760.4,
      "left": 1818.2,
      "attrs": { "color": "red" }
    },
    {
      "type": "wokwi-led",
      "id": "led12",
      "top": -1760.4,
      "left": 1760.6,
      "attrs": { "color": "red" }
    },
    {
      "type": "wokwi-led",
      "id": "led13",
      "top": -1760.4,
      "left": 1703,
      "attrs": { "color": "red" }
    },
    {
      "type": "wokwi-led",
      "id": "led14",
      "top": -1760.4,
      "left": 1655,
      "attrs": { "color": "red" }
    },
    {
      "type": "wokwi-led",
      "id": "led15",
      "top": -1760.4,
      "left": 1597.4,
      "attrs": { "color": "red" }
    },
    {
      "type": "wokwi-led",
      "id": "led16",
      "top": -1760.4,
      "left": 1539.8,
      "attrs": { "color": "red" }
    },
    { "type": "wokwi-gnd", "id": "gnd3", "top": -1699.2, "left": 1996.2, "attrs": {} },
    { "type": "wokwi-mux-2", "id": "mux31", "top": -633.6, "left": 950.4, "attrs": {} },
    { "type": "wokwi-mux-2", "id": "mux32", "top": -576, "left": 950.4, "attrs": {} },
    { "type": "wokwi-mux-2", "id": "mux33", "top": -508.8, "left": 950.4, "attrs": {} },
    { "type": "wokwi-mux-2", "id": "mux34", "top": -460.8, "left": 960, "attrs": {} },
    { "type": "wokwi-mux-2", "id": "mux35", "top": -403.2, "left": 960, "attrs": {} },
    { "type": "wokwi-mux-2", "id": "mux36", "top": -336, "left": 960, "attrs": {} },
    { "type": "wokwi-mux-2", "id": "mux37", "top": -268.8, "left": 950.4, "attrs": {} },
    { "type": "wokwi-mux-2", "id": "mux38", "top": -220.8, "left": 960, "attrs": {} },
    { "type": "wokwi-mux-2", "id": "mux39", "top": -537.6, "left": 1152, "attrs": {} },
    { "type": "wokwi-mux-2", "id": "mux40", "top": -480, "left": 1152, "attrs": {} },
    { "type": "wokwi-mux-2", "id": "mux41", "top": -412.8, "left": 1152, "attrs": {} },
    { "type": "wokwi-mux-2", "id": "mux42", "top": -364.8, "left": 1161.6, "attrs": {} },
    { "type": "wokwi-mux-2", "id": "mux43", "top": -489.6, "left": 1324.8, "attrs": {} },
    { "type": "wokwi-mux-2", "id": "mux44", "top": -432, "left": 1324.8, "attrs": {} },
    { "type": "wokwi-mux-2", "id": "mux45", "top": -460.8, "left": 1478.4, "attrs": {} },
    {
      "type": "wokwi-mux-2",
      "id": "mux121",
      "top": -786.93,
      "left": 2292.32,
      "rotate": 90,
      "attrs": {}
    },
    {
      "type": "wokwi-mux-2",
      "id": "mux122",
      "top": -786.93,
      "left": 2609.12,
      "rotate": 90,
      "attrs": {}
    },
    {
      "type": "wokwi-mux-2",
      "id": "mux123",
      "top": -786.93,
      "left": 2801.12,
      "rotate": 90,
      "attrs": {}
    },
    {
      "type": "wokwi-mux-2",
      "id": "mux124",
      "top": -786.93,
      "left": 2954.72,
      "rotate": 90,
      "attrs": {}
    },
    { "type": "wokwi-flip-flop-dsr", "id": "flop1", "top": -657.33, "left": 2978.72, "attrs": {} },
    { "type": "wokwi-flip-flop-dsr", "id": "flop2", "top": -666.93, "left": 2825.12, "attrs": {} },
    { "type": "wokwi-flip-flop-dsr", "id": "flop3", "top": -686.13, "left": 2652.32, "attrs": {} },
    { "type": "wokwi-flip-flop-dsr", "id": "flop4", "top": -676.53, "left": 2479.52, "attrs": {} },
    {
      "type": "wokwi-mux-2",
      "id": "mux125",
      "top": -786.93,
      "left": 3098.72,
      "rotate": 90,
      "attrs": {}
    },
    {
      "type": "wokwi-mux-2",
      "id": "mux126",
      "top": -786.93,
      "left": 3242.72,
      "rotate": 90,
      "attrs": {}
    },
    {
      "type": "wokwi-mux-2",
      "id": "mux127",
      "top": -786.93,
      "left": 3405.92,
      "rotate": 90,
      "attrs": {}
    },
    {
      "type": "wokwi-mux-2",
      "id": "mux128",
      "top": -777.33,
      "left": 2436.32,
      "rotate": 90,
      "attrs": {}
    },
    { "type": "wokwi-flip-flop-dsr", "id": "flop5", "top": -657.33, "left": 3122.72, "attrs": {} },
    { "type": "wokwi-flip-flop-dsr", "id": "flop6", "top": -657.33, "left": 3276.32, "attrs": {} },
    { "type": "wokwi-flip-flop-dsr", "id": "flop7", "top": -657.33, "left": 3439.52, "attrs": {} },
    { "type": "wokwi-flip-flop-dsr", "id": "flop8", "top": -672, "left": 2313.6, "attrs": {} },
    {
      "type": "wokwi-mux-2",
      "id": "mux129",
      "top": -936,
      "left": 2280,
      "rotate": 90,
      "attrs": {}
    },
    {
      "type": "wokwi-mux-2",
      "id": "mux130",
      "top": -926.4,
      "left": 2433.6,
      "rotate": 90,
      "attrs": {}
    },
    {
      "type": "wokwi-mux-2",
      "id": "mux131",
      "top": -926.4,
      "left": 2596.8,
      "rotate": 90,
      "attrs": {}
    },
    {
      "type": "wokwi-mux-2",
      "id": "mux132",
      "top": -926.4,
      "left": 2779.2,
      "rotate": 90,
      "attrs": {}
    },
    {
      "type": "wokwi-mux-2",
      "id": "mux133",
      "top": -926.4,
      "left": 2942.4,
      "rotate": 90,
      "attrs": {}
    },
    {
      "type": "wokwi-mux-2",
      "id": "mux134",
      "top": -916.8,
      "left": 3403.2,
      "rotate": 90,
      "attrs": {}
    },
    {
      "type": "wokwi-mux-2",
      "id": "mux135",
      "top": -907.2,
      "left": 3240,
      "rotate": 90,
      "attrs": {}
    },
    {
      "type": "wokwi-mux-2",
      "id": "mux136",
      "top": -907.2,
      "left": 3096,
      "rotate": 90,
      "attrs": {}
    },
    {
      "type": "wokwi-mux-2",
      "id": "mux137",
      "top": -254.4,
      "left": 2385.6,
      "rotate": 90,
      "attrs": {}
    },
    {
      "type": "wokwi-mux-2",
      "id": "mux138",
      "top": -254.4,
      "left": 2702.4,
      "rotate": 90,
      "attrs": {}
    },
    {
      "type": "wokwi-mux-2",
      "id": "mux139",
      "top": -254.4,
      "left": 2894.4,
      "rotate": 90,
      "attrs": {}
    },
    {
      "type": "wokwi-mux-2",
      "id": "mux140",
      "top": -254.4,
      "left": 3048,
      "rotate": 90,
      "attrs": {}
    },
    { "type": "wokwi-flip-flop-dsr", "id": "flop9", "top": -124.8, "left": 3072, "attrs": {} },
    { "type": "wokwi-flip-flop-dsr", "id": "flop10", "top": -134.4, "left": 2918.4, "attrs": {} },
    { "type": "wokwi-flip-flop-dsr", "id": "flop11", "top": -153.6, "left": 2745.6, "attrs": {} },
    { "type": "wokwi-flip-flop-dsr", "id": "flop12", "top": -144, "left": 2572.8, "attrs": {} },
    {
      "type": "wokwi-mux-2",
      "id": "mux141",
      "top": -254.4,
      "left": 3192,
      "rotate": 90,
      "attrs": {}
    },
    {
      "type": "wokwi-mux-2",
      "id": "mux142",
      "top": -254.4,
      "left": 3336,
      "rotate": 90,
      "attrs": {}
    },
    {
      "type": "wokwi-mux-2",
      "id": "mux143",
      "top": -254.4,
      "left": 3499.2,
      "rotate": 90,
      "attrs": {}
    },
    {
      "type": "wokwi-mux-2",
      "id": "mux144",
      "top": -244.8,
      "left": 2529.6,
      "rotate": 90,
      "attrs": {}
    },
    { "type": "wokwi-flip-flop-dsr", "id": "flop13", "top": -124.8, "left": 3216, "attrs": {} },
    { "type": "wokwi-flip-flop-dsr", "id": "flop14", "top": -124.8, "left": 3369.6, "attrs": {} },
    { "type": "wokwi-flip-flop-dsr", "id": "flop15", "top": -124.8, "left": 3532.8, "attrs": {} },
    { "type": "wokwi-flip-flop-dsr", "id": "flop16", "top": -144, "left": 2409.6, "attrs": {} },
    {
      "type": "wokwi-mux-2",
      "id": "mux145",
      "top": -1713.6,
      "left": 868.8,
      "rotate": 90,
      "attrs": {}
    },
    {
      "type": "wokwi-mux-2",
      "id": "mux146",
      "top": -1704,
      "left": 1051.2,
      "rotate": 90,
      "attrs": {}
    },
    {
      "type": "wokwi-mux-2",
      "id": "mux147",
      "top": -1704,
      "left": 1233.6,
      "rotate": 90,
      "attrs": {}
    },
    {
      "type": "wokwi-mux-2",
      "id": "mux148",
      "top": -1694.4,
      "left": 1377.6,
      "rotate": 90,
      "attrs": {}
    },
    {
      "type": "wokwi-gate-and-2",
      "id": "and1",
      "top": -911.6,
      "left": -681.6,
      "rotate": 180,
      "attrs": {}
    },
    {
      "type": "wokwi-gate-and-2",
      "id": "and2",
      "top": -911.6,
      "left": -451.2,
      "rotate": 180,
      "attrs": {}
    },
    {
      "type": "wokwi-gate-and-2",
      "id": "and3",
      "top": -911.6,
      "left": -288,
      "rotate": 180,
      "attrs": {}
    },
    {
      "type": "wokwi-gate-and-2",
      "id": "and4",
      "top": -911.6,
      "left": -76.8,
      "rotate": 180,
      "attrs": {}
    },
    {
      "type": "wokwi-gate-xor-2",
      "id": "xor1",
      "top": -835,
      "left": -604.6,
      "rotate": 90,
      "attrs": {}
    },
    {
      "type": "wokwi-gate-xor-2",
      "id": "xor2",
      "top": -835,
      "left": -383.8,
      "rotate": 90,
      "attrs": {}
    },
    {
      "type": "wokwi-gate-xor-2",
      "id": "xor3",
      "top": -835,
      "left": -220.6,
      "rotate": 90,
      "attrs": {}
    },
    {
      "type": "wokwi-gate-xor-2",
      "id": "xor4",
      "top": -825.4,
      "left": -9.4,
      "rotate": 90,
      "attrs": {}
    },
    { "type": "wokwi-flip-flop-dsr", "id": "flop17", "top": -604.8, "left": 0, "attrs": {} },
    { "type": "wokwi-flip-flop-dsr", "id": "flop18", "top": -604.8, "left": -192, "attrs": {} },
    { "type": "wokwi-flip-flop-dsr", "id": "flop19", "top": -604.8, "left": -374.4, "attrs": {} },
    { "type": "wokwi-flip-flop-dsr", "id": "flop20", "top": -614.4, "left": -576, "attrs": {} },
    {
      "type": "wokwi-mux-2",
      "id": "mux149",
      "top": -696,
      "left": -91.2,
      "rotate": 90,
      "attrs": {}
    },
    {
      "type": "wokwi-mux-2",
      "id": "mux150",
      "top": -686.4,
      "left": -273.6,
      "rotate": 90,
      "attrs": {}
    },
    {
      "type": "wokwi-mux-2",
      "id": "mux151",
      "top": -676.8,
      "left": -446.4,
      "rotate": 90,
      "attrs": {}
    },
    {
      "type": "wokwi-mux-2",
      "id": "mux152",
      "top": -686.4,
      "left": -667.2,
      "rotate": 90,
      "attrs": {}
    },
    { "type": "wokwi-gate-xor-2", "id": "gate1", "top": -940.5, "left": 4324.65, "attrs": {} },
    { "type": "wokwi-gate-xor-2", "id": "gate2", "top": -930.98, "left": 4439.73, "attrs": {} },
    { "type": "wokwi-gate-and-2", "id": "gate3", "top": -883.34, "left": 4422.45, "attrs": {} },
    { "type": "wokwi-gate-and-2", "id": "gate4", "top": -844.8, "left": 4329.6, "attrs": {} },
    { "type": "wokwi-gate-or-2", "id": "gate5", "top": -873.74, "left": 4499.25, "attrs": {} },
    { "type": "wokwi-gate-xor-2", "id": "xor5", "top": -769.44, "left": 4203.05, "attrs": {} },
    { "type": "wokwi-gate-xor-2", "id": "gate6", "top": -662.1, "left": 4334.25, "attrs": {} },
    { "type": "wokwi-gate-xor-2", "id": "gate7", "top": -662.54, "left": 4499.25, "attrs": {} },
    { "type": "wokwi-gate-and-2", "id": "gate8", "top": -604.94, "left": 4470.45, "attrs": {} },
    { "type": "wokwi-gate-and-2", "id": "gate9", "top": -566.1, "left": 4353.45, "attrs": {} },
    { "type": "wokwi-gate-or-2", "id": "gate10", "top": -595.34, "left": 4556.85, "attrs": {} },
    { "type": "wokwi-gate-xor-2", "id": "xor6", "top": -548.64, "left": 4212.65, "attrs": {} },
    { "type": "wokwi-gate-xor-2", "id": "gate11", "top": -460.5, "left": 4363.05, "attrs": {} },
    { "type": "wokwi-gate-xor-2", "id": "gate12", "top": -450.9, "left": 4487.85, "attrs": {} },
    { "type": "wokwi-gate-and-2", "id": "gate13", "top": -402.9, "left": 4497.45, "attrs": {} },
    { "type": "wokwi-gate-and-2", "id": "gate14", "top": -364.5, "left": 4363.05, "attrs": {} },
    { "type": "wokwi-gate-or-2", "id": "gate15", "top": -374.1, "left": 4622.25, "attrs": {} },
    { "type": "wokwi-gate-xor-2", "id": "xor7", "top": -345.3, "left": 4219.05, "attrs": {} },
    { "type": "wokwi-gate-xor-2", "id": "gate16", "top": -278.54, "left": 4441.65, "attrs": {} },
    { "type": "wokwi-gate-xor-2", "id": "gate17", "top": -268.58, "left": 4564.53, "attrs": {} },
    { "type": "wokwi-gate-and-2", "id": "gate18", "top": -220.94, "left": 4547.25, "attrs": {} },
    { "type": "wokwi-gate-and-2", "id": "gate19", "top": -182.4, "left": 4454.4, "attrs": {} },
    { "type": "wokwi-gate-or-2", "id": "gate20", "top": -211.81, "left": 4649.21, "attrs": {} },
    { "type": "wokwi-gate-xor-2", "id": "xor8", "top": -183.84, "left": 4222.25, "attrs": {} },
    { "type": "wokwi-gate-xor-2", "id": "gate21", "top": -56.83, "left": 4385.89, "attrs": {} },
    { "type": "wokwi-gate-xor-2", "id": "gate22", "top": -47.31, "left": 4500.97, "attrs": {} },
    { "type": "wokwi-gate-and-2", "id": "gate23", "top": 0.33, "left": 4483.69, "attrs": {} },
    { "type": "wokwi-gate-and-2", "id": "gate24", "top": 38.26, "left": 4384.05, "attrs": {} },
    { "type": "wokwi-gate-or-2", "id": "gate25", "top": 9.46, "left": 4585.65, "attrs": {} },
    { "type": "wokwi-gate-xor-2", "id": "xor9", "top": 123.36, "left": 4231.85, "attrs": {} },
    { "type": "wokwi-gate-xor-2", "id": "gate26", "top": 211.06, "left": 4384.05, "attrs": {} },
    { "type": "wokwi-gate-xor-2", "id": "gate27", "top": 220.66, "left": 4499.25, "attrs": {} },
    { "type": "wokwi-gate-and-2", "id": "gate28", "top": 268.66, "left": 4489.65, "attrs": {} },
    { "type": "wokwi-gate-and-2", "id": "gate29", "top": 307.06, "left": 4393.65, "attrs": {} },
    { "type": "wokwi-gate-or-2", "id": "gate30", "top": 278.26, "left": 4585.65, "attrs": {} },
    { "type": "wokwi-gate-xor-2", "id": "xor10", "top": 315.36, "left": 4222.25, "attrs": {} },
    { "type": "wokwi-gate-xor-2", "id": "gate31", "top": 427.26, "left": 4492.96, "attrs": {} },
    { "type": "wokwi-gate-xor-2", "id": "gate32", "top": 432.55, "left": 4603.42, "attrs": {} },
    { "type": "wokwi-gate-and-2", "id": "gate33", "top": 480.19, "left": 4586.14, "attrs": {} },
    { "type": "wokwi-gate-and-2", "id": "gate34", "top": 518.73, "left": 4493.29, "attrs": {} },
    { "type": "wokwi-gate-or-2", "id": "gate35", "top": 489.32, "left": 4688.1, "attrs": {} },
    { "type": "wokwi-gate-xor-2", "id": "xor11", "top": 497.76, "left": 4222.25, "attrs": {} },
    { "type": "wokwi-gate-xor-2", "id": "gate36", "top": 609.8, "left": 4515.31, "attrs": {} },
    { "type": "wokwi-gate-xor-2", "id": "gate37", "top": 615.09, "left": 4625.77, "attrs": {} },
    { "type": "wokwi-gate-and-2", "id": "gate38", "top": 662.73, "left": 4608.49, "attrs": {} },
    { "type": "wokwi-gate-and-2", "id": "gate39", "top": 701.27, "left": 4515.64, "attrs": {} },
    { "type": "wokwi-gate-or-2", "id": "gate40", "top": 671.86, "left": 4710.45, "attrs": {} },
    { "type": "wokwi-gate-xor-2", "id": "xor12", "top": 708.96, "left": 4231.85, "attrs": {} },
    {
      "type": "wokwi-mux-2",
      "id": "mux153",
      "top": 206.4,
      "left": 2414.4,
      "rotate": 90,
      "attrs": {}
    },
    {
      "type": "wokwi-mux-2",
      "id": "mux154",
      "top": 206.4,
      "left": 2731.2,
      "rotate": 90,
      "attrs": {}
    },
    {
      "type": "wokwi-mux-2",
      "id": "mux155",
      "top": 206.4,
      "left": 2923.2,
      "rotate": 90,
      "attrs": {}
    },
    {
      "type": "wokwi-mux-2",
      "id": "mux156",
      "top": 206.4,
      "left": 3076.8,
      "rotate": 90,
      "attrs": {}
    },
    { "type": "wokwi-flip-flop-dsr", "id": "flop21", "top": 336, "left": 3100.8, "attrs": {} },
    { "type": "wokwi-flip-flop-dsr", "id": "flop22", "top": 326.4, "left": 2947.2, "attrs": {} },
    { "type": "wokwi-flip-flop-dsr", "id": "flop23", "top": 307.2, "left": 2774.4, "attrs": {} },
    { "type": "wokwi-flip-flop-dsr", "id": "flop24", "top": 316.8, "left": 2601.6, "attrs": {} },
    {
      "type": "wokwi-mux-2",
      "id": "mux157",
      "top": 206.4,
      "left": 3220.8,
      "rotate": 90,
      "attrs": {}
    },
    {
      "type": "wokwi-mux-2",
      "id": "mux158",
      "top": 206.4,
      "left": 3364.8,
      "rotate": 90,
      "attrs": {}
    },
    {
      "type": "wokwi-mux-2",
      "id": "mux159",
      "top": 206.4,
      "left": 3528,
      "rotate": 90,
      "attrs": {}
    },
    {
      "type": "wokwi-mux-2",
      "id": "mux160",
      "top": 216,
      "left": 2558.4,
      "rotate": 90,
      "attrs": {}
    },
    { "type": "wokwi-flip-flop-dsr", "id": "flop25", "top": 336, "left": 3244.8, "attrs": {} },
    { "type": "wokwi-flip-flop-dsr", "id": "flop26", "top": 336, "left": 3398.4, "attrs": {} },
    { "type": "wokwi-flip-flop-dsr", "id": "flop27", "top": 336, "left": 3561.6, "attrs": {} },
    { "type": "wokwi-flip-flop-dsr", "id": "flop28", "top": 316.8, "left": 2438.4, "attrs": {} },
    {
      "type": "wokwi-led",
      "id": "led1",
      "top": -2058,
      "left": 1155.8,
      "attrs": { "color": "red" }
    },
    {
      "type": "wokwi-led",
      "id": "led2",
      "top": -2058,
      "left": 1107.8,
      "attrs": { "color": "red" }
    },
    {
      "type": "wokwi-led",
      "id": "led3",
      "top": -2058,
      "left": 1050.2,
      "attrs": { "color": "red" }
    },
    { "type": "wokwi-led", "id": "led4", "top": -2058, "left": 983, "attrs": { "color": "red" } },
    { "type": "wokwi-gnd", "id": "gnd1", "top": -1996.8, "left": 1228.2, "attrs": {} },
    {
      "type": "wokwi-led",
      "id": "led5",
      "top": -1021.2,
      "left": 5504.6,
      "attrs": { "color": "red" }
    },
    {
      "type": "wokwi-led",
      "id": "led6",
      "top": -1021.2,
      "left": 5456.6,
      "attrs": { "color": "red" }
    },
    {
      "type": "wokwi-led",
      "id": "led7",
      "top": -1021.2,
      "left": 5399,
      "attrs": { "color": "red" }
    },
    {
      "type": "wokwi-led",
      "id": "led8",
      "top": -1021.2,
      "left": 5331.8,
      "attrs": { "color": "red" }
    },
    {
      "type": "wokwi-led",
      "id": "led25",
      "top": -1021.2,
      "left": 5274.2,
      "attrs": { "color": "red" }
    },
    {
      "type": "wokwi-led",
      "id": "led26",
      "top": -1011.6,
      "left": 5226.2,
      "attrs": { "color": "red" }
    },
    {
      "type": "wokwi-led",
      "id": "led27",
      "top": -1011.6,
      "left": 5178.2,
      "attrs": { "color": "red" }
    },
    {
      "type": "wokwi-led",
      "id": "led28",
      "top": -1011.6,
      "left": 5120.6,
      "attrs": { "color": "red" }
    },
    { "type": "wokwi-gnd", "id": "gnd5", "top": -960, "left": 5577, "attrs": {} },
    {
      "type": "wokwi-mux-2",
      "id": "mux161",
      "top": -811.2,
      "left": 216,
      "rotate": 90,
      "attrs": {}
    },
    {
      "type": "wokwi-mux-2",
      "id": "mux162",
      "top": -1003.2,
      "left": -187.2,
      "rotate": 90,
      "attrs": {}
    },
    {
      "type": "wokwi-mux-2",
      "id": "mux163",
      "top": -1003.2,
      "left": -369.6,
      "rotate": 90,
      "attrs": {}
    },
    {
      "type": "wokwi-mux-2",
      "id": "mux164",
      "top": -1003.2,
      "left": -571.2,
      "rotate": 90,
      "attrs": {}
    },
    {
      "type": "wokwi-led",
      "id": "led17",
      "top": -1453.2,
      "left": 3239,
      "attrs": { "color": "red" }
    },
    {
      "type": "wokwi-led",
      "id": "led18",
      "top": -1453.2,
      "left": 3191,
      "attrs": { "color": "red" }
    },
    {
      "type": "wokwi-led",
      "id": "led19",
      "top": -1453.2,
      "left": 3133.4,
      "attrs": { "color": "red" }
    },
    {
      "type": "wokwi-led",
      "id": "led20",
      "top": -1453.2,
      "left": 3066.2,
      "attrs": { "color": "red" }
    },
    {
      "type": "wokwi-led",
      "id": "led21",
      "top": -1453.2,
      "left": 3008.6,
      "attrs": { "color": "red" }
    },
    {
      "type": "wokwi-led",
      "id": "led22",
      "top": -1453.2,
      "left": 2960.6,
      "attrs": { "color": "red" }
    },
    {
      "type": "wokwi-led",
      "id": "led23",
      "top": -1453.2,
      "left": 2912.6,
      "attrs": { "color": "red" }
    },
    {
      "type": "wokwi-led",
      "id": "led24",
      "top": -1453.2,
      "left": 2855,
      "attrs": { "color": "red" }
    },
    { "type": "wokwi-gnd", "id": "gnd4", "top": -1392, "left": 3311.4, "attrs": {} }
  ],
  "connections": [
    [ "mega:22", "sr2:DS", "green", [ "v-55.9", "h128.6", "v-316.8", "h38.4" ] ],
    [ "mega:23", "sr3:DS", "green", [ "v-46.3", "h118.6", "v-249.6", "h67.2" ] ],
    [ "mega:24", "sr4:DS", "green", [ "v-65.65", "h128.6", "v-163.2", "h67.2" ] ],
    [ "mega:25", "sr5:DS", "green", [ "v1.55", "h118.6", "v-153.6", "h67.2" ] ],
    [ "mega:26", "sr6:DS", "green", [ "v-94.35", "h195.8" ] ],
    [ "mega:27", "sr7:DS", "green", [ "v-17.55", "h185.8" ] ],
    [ "mega:28", "sr8:DS", "green", [ "v1.75", "h128.6", "v38.4", "h67.2" ] ],
    [ "mega:29", "sr9:DS", "green", [ "v1.75", "h118.6", "v96", "h67.2" ] ],
    [ "mega:30", "sr10:DS", "green", [ "v1.6", "h119", "v144", "h76.8" ] ],
    [ "mega:31", "sr11:DS", "green", [ "v1.6", "h99.4", "v211.2", "h86.4" ] ],
    [ "mega:32", "sr12:DS", "green", [ "v-7.9", "h109.4", "v268.8", "h86.4" ] ],
    [ "mega:33", "sr13:DS", "green", [ "v1.7", "h99.4", "v316.8", "h86.4" ] ],
    [ "mega:34", "sr14:DS", "green", [ "v1.8", "h109.4", "v364.8", "h86.4" ] ],
    [ "mega:35", "sr15:DS", "green", [ "v1.8", "h89.8", "v422.4", "h96" ] ],
    [ "mega:36", "sr16:DS", "green", [ "v1.9", "h99.8", "v470.4", "h96" ] ],
    [ "gnd2:GND", "sr2:OE", "black", [ "v28.8", "h-38.4" ] ],
    [ "sr2:GND", "gnd2:GND", "black", [ "v0", "h19.2", "v-86.4" ] ],
    [ "sr2:GND", "sr3:GND", "black", [ "v0", "h19.2", "v57.6" ] ],
    [ "sr3:GND", "sr4:GND", "black", [ "v0", "h19.2", "v76.8" ] ],
    [ "sr4:GND", "sr5:GND", "black", [ "v0", "h19.2", "v86.4" ] ],
    [ "sr5:GND", "sr6:GND", "black", [ "v0", "h19.2", "v67.2" ] ],
    [ "sr6:GND", "sr7:GND", "black", [ "v0", "h19.2", "v57.6" ] ],
    [ "sr7:GND", "sr8:GND", "black", [ "v0", "h19.2", "v57.6" ] ],
    [ "sr8:GND", "sr9:GND", "black", [ "v0", "h19.2", "v57.6" ] ],
    [ "sr9:GND", "sr10:GND", "black", [ "v0", "h19.2", "v57.6" ] ],
    [ "sr10:GND", "sr11:GND", "black", [ "v0", "h19.2", "v67.2" ] ],
    [ "sr11:GND", "sr12:GND", "black", [ "v0", "h19.2", "v57.6" ] ],
    [ "sr12:GND", "sr13:GND", "black", [ "v0", "h19.2", "v48" ] ],
    [ "sr13:GND", "sr14:GND", "black", [ "v0", "h19.2", "v57.6" ] ],
    [ "sr14:GND", "sr15:GND", "black", [ "v0", "h19.2", "v57.6" ] ],
    [ "sr15:GND", "sr16:GND", "black", [ "v0", "h19.2", "v57.6" ] ],
    [ "sr16:GND", "sr17:GND", "black", [ "v0", "h19.2", "v67.2" ] ],
    [ "sr2:OE", "sr3:OE", "black", [ "v0" ] ],
    [ "sr3:OE", "sr4:OE", "black", [ "v0" ] ],
    [ "gnd2:GND", "sr5:OE", "black", [ "v28.8", "h-38.4" ] ],
    [ "sr5:OE", "sr6:OE", "black", [ "v0" ] ],
    [ "sr7:OE", "sr6:OE", "black", [ "v0" ] ],
    [ "sr7:OE", "sr8:OE", "green", [ "v0" ] ],
    [ "sr8:OE", "sr9:OE", "black", [ "v0" ] ],
    [ "sr9:OE", "sr10:OE", "black", [ "v0" ] ],
    [ "sr10:OE", "sr11:OE", "black", [ "v0" ] ],
    [ "sr11:OE", "sr12:OE", "black", [ "v0" ] ],
    [ "sr12:OE", "sr13:OE", "black", [ "v0" ] ],
    [ "sr13:OE", "sr14:OE", "black", [ "v0" ] ],
    [ "sr14:OE", "sr15:OE", "black", [ "v0" ] ],
    [ "sr15:OE", "sr16:OE", "black", [ "v0" ] ],
    [ "sr16:OE", "sr17:OE", "black", [ "v0" ] ],
    [ "sr3:STCP", "sr4:STCP", "green", [ "v0" ] ],
    [ "sr6:STCP", "sr7:STCP", "green", [ "v0" ] ],
    [ "sr7:STCP", "sr8:STCP", "green", [ "v0" ] ],
    [ "sr8:STCP", "sr9:STCP", "green", [ "v0" ] ],
    [ "sr9:STCP", "sr10:STCP", "green", [ "v0" ] ],
    [ "sr10:STCP", "sr11:STCP", "green", [ "v0" ] ],
    [ "sr11:STCP", "sr12:STCP", "green", [ "v0" ] ],
    [ "sr12:Q5", "sr13:STCP", "green", [ "v0" ] ],
    [ "sr13:STCP", "sr14:STCP", "green", [ "v0" ] ],
    [ "sr14:STCP", "sr15:STCP", "green", [ "v0" ] ],
    [ "sr15:STCP", "sr16:STCP", "green", [ "v0" ] ],
    [ "sr16:STCP", "sr17:STCP", "green", [ "v0" ] ],
    [ "vcc1:VCC", "sr2:VCC", "red", [ "v0" ] ],
    [ "sr2:VCC", "sr3:VCC", "red", [ "v0" ] ],
    [ "sr3:VCC", "sr4:VCC", "red", [ "v68.4" ] ],
    [ "sr4:VCC", "sr5:VCC", "red", [ "v0" ] ],
    [ "sr5:VCC", "sr6:VCC", "red", [ "v0" ] ],
    [ "sr6:VCC", "sr7:VCC", "red", [ "v0" ] ],
    [ "sr7:VCC", "sr8:VCC", "red", [ "v0" ] ],
    [ "sr8:VCC", "sr9:VCC", "red", [ "v0" ] ],
    [ "sr9:VCC", "sr10:VCC", "red", [ "v0" ] ],
    [ "sr10:VCC", "sr11:VCC", "red", [ "v0" ] ],
    [ "sr11:VCC", "sr12:VCC", "red", [ "v0" ] ],
    [ "sr12:VCC", "sr13:VCC", "red", [ "v0" ] ],
    [ "sr13:VCC", "sr14:VCC", "red", [ "v0" ] ],
    [ "sr14:VCC", "sr15:VCC", "red", [ "v0" ] ],
    [ "sr15:VCC", "sr16:VCC", "red", [ "v0" ] ],
    [ "sr16:VCC", "sr17:VCC", "red", [ "v0" ] ],
    [ "mega:12", "sr2:STCP", "green", [ "v-383.4", "h438" ] ],
    [ "mega:8", "sr2:SHCP", "green", [ "v-373.8", "h399" ] ],
    [ "sr5:STCP", "sr6:STCP", "green", [ "v0" ] ],
    [ "sr4:STCP", "sr5:STCP", "green", [ "v0" ] ],
    [ "sr2:STCP", "sr3:STCP", "green", [ "v0" ] ],
    [ "mega:38", "sr3:SHCP", "green", [ "v1.75", "h157.4", "v-374.4", "h67.2" ] ],
    [ "mega:39", "sr4:SHCP", "green", [ "v1.75", "h137.8", "v-307.2", "h76.8" ] ],
    [ "mega:40", "sr5:SHCP", "green", [ "v-228.55", "h215" ] ],
    [ "mega:41", "sr6:SHCP", "green", [ "v-161.35", "h214.6" ] ],
    [ "mega:42", "sr7:SHCP", "green", [ "v-94.3", "h224.6" ] ],
    [ "mega:43", "sr8:SHCP", "green", [ "v-36.7", "h214.6" ] ],
    [ "mega:44", "sr9:SHCP", "green", [ "v11.4", "h224.6" ] ],
    [ "mega:45", "sr10:SHCP", "green", [ "v78.6", "h205" ] ],
    [ "mega:46", "sr11:SHCP", "green", [ "v1.65", "h128.6", "v134.4", "h86.4" ] ],
    [ "mega:47", "sr12:SHCP", "green", [ "v1.65", "h109", "v182.4", "h96" ] ],
    [ "mega:48", "sr13:SHCP", "green", [ "v-7.85", "h109.4", "v249.6", "h115.2" ] ],
    [ "mega:49", "sr14:SHCP", "green", [ "v-17.45", "h118.6", "v307.2", "h96" ] ],
    [ "mega:50", "sr15:SHCP", "green", [ "v-8", "h128.6", "v345.6", "h96" ] ],
    [ "mega:51", "sr16:SHCP", "green", [ "v1.6", "h99.4", "v403.2", "h115.2" ] ],
    [ "mega:52", "sr17:SHCP", "green", [ "v1.7", "h128.6", "v451.2", "h96" ] ],
    [ "mux13:OUT", "mux15:A", "green", [ "v0" ] ],
    [ "mux14:OUT", "mux15:B", "green", [ "v0" ] ],
    [ "mux9:OUT", "mux13:A", "green", [ "v0" ] ],
    [ "mux10:OUT", "mux13:B", "green", [ "v0" ] ],
    [ "mux11:OUT", "mux14:A", "green", [ "v0" ] ],
    [ "mux12:OUT", "mux14:B", "green", [ "v0" ] ],
    [ "mux1:OUT", "mux9:A", "black", [ "v0" ] ],
    [ "mux2:OUT", "mux9:B", "blue", [ "v0" ] ],
    [ "mux3:OUT", "mux10:A", "green", [ "v0" ] ],
    [ "mux4:OUT", "mux10:B", "green", [ "v0" ] ],
    [ "mux5:OUT", "mux11:A", "gold", [ "v0" ] ],
    [ "mux6:OUT", "mux11:B", "#8f4814", [ "v0" ] ],
    [ "mux7:OUT", "mux12:A", "gold", [ "v0" ] ],
    [ "mux8:OUT", "mux12:B", "blue", [ "v0" ] ],
    [ "mux9:SEL", "mux10:SEL", "green", [ "v0", "h28.8", "v57.6", "h-28.8", "v0" ] ],
    [ "mux11:SEL", "mux10:SEL", "green", [ "v-67.2" ] ],
    [ "mux12:SEL", "mux11:SEL", "green", [ "v0" ] ],
    [ "mux28:OUT", "mux30:A", "green", [ "v0" ] ],
    [ "mux29:OUT", "mux30:B", "green", [ "v0" ] ],
    [ "mux24:OUT", "mux28:A", "green", [ "v0" ] ],
    [ "mux25:OUT", "mux28:B", "green", [ "v0" ] ],
    [ "mux26:OUT", "mux29:A", "green", [ "v0" ] ],
    [ "mux27:OUT", "mux29:B", "green", [ "v0" ] ],
    [ "mux16:OUT", "mux24:A", "green", [ "v0" ] ],
    [ "mux17:OUT", "mux24:B", "green", [ "v0" ] ],
    [ "mux18:OUT", "mux25:A", "green", [ "v0" ] ],
    [ "mux19:OUT", "mux25:B", "green", [ "v0" ] ],
    [ "mux20:OUT", "mux26:A", "green", [ "v0" ] ],
    [ "mux22:OUT", "mux27:A", "green", [ "v0" ] ],
    [ "mux23:OUT", "mux27:B", "green", [ "v0" ] ],
    [ "mux24:SEL", "mux25:SEL", "green", [ "v0", "h28.8", "v57.6", "h-28.8", "v0" ] ],
    [ "mux26:SEL", "mux25:SEL", "green", [ "v-67.2" ] ],
    [ "mux27:SEL", "mux26:SEL", "green", [ "v0" ] ],
    [ "mux24:SEL", "mux12:SEL", "green", [ "v0" ] ],
    [ "mux1:SEL", "mux2:SEL", "green", [ "v0" ] ],
    [ "mux2:SEL", "mux3:SEL", "green", [ "v0" ] ],
    [ "mux5:SEL", "mux4:SEL", "green", [ "v0" ] ],
    [ "mux6:SEL", "mux5:SEL", "green", [ "v-76.8" ] ],
    [ "mux7:SEL", "mux6:SEL", "green", [ "v0" ] ],
    [ "mux8:SEL", "mux7:SEL", "green", [ "v0" ] ],
    [ "mux17:SEL", "mux16:SEL", "green", [ "v0" ] ],
    [ "mux18:SEL", "mux17:SEL", "green", [ "v0" ] ],
    [ "mux19:SEL", "mux18:SEL", "green", [ "v0" ] ],
    [ "mux20:SEL", "mux19:SEL", "green", [ "v0" ] ],
    [ "mux21:SEL", "mux20:SEL", "green", [ "v0" ] ],
    [ "mux22:SEL", "mux21:SEL", "green", [ "v0" ] ],
    [ "mux23:SEL", "mux22:SEL", "green", [ "v0" ] ],
    [ "mux58:OUT", "mux60:A", "green", [ "v0" ] ],
    [ "mux59:OUT", "mux60:B", "green", [ "v0" ] ],
    [ "mux54:OUT", "mux58:A", "green", [ "v0" ] ],
    [ "mux55:OUT", "mux58:B", "green", [ "v0" ] ],
    [ "mux56:OUT", "mux59:A", "green", [ "v0" ] ],
    [ "mux57:OUT", "mux59:B", "green", [ "v0" ] ],
    [ "mux46:OUT", "mux54:A", "green", [ "v0" ] ],
    [ "mux47:OUT", "mux54:B", "green", [ "v0" ] ],
    [ "mux48:OUT", "mux55:A", "green", [ "v0" ] ],
    [ "mux49:OUT", "mux55:B", "green", [ "v0" ] ],
    [ "mux50:OUT", "mux56:A", "green", [ "v0" ] ],
    [ "mux51:OUT", "mux56:B", "green", [ "v0" ] ],
    [ "mux52:OUT", "mux57:A", "green", [ "v0" ] ],
    [ "mux53:OUT", "mux57:B", "green", [ "v0" ] ],
    [ "mux54:SEL", "mux55:SEL", "green", [ "v0", "h28.8", "v57.6", "h-28.8", "v0" ] ],
    [ "mux56:SEL", "mux55:SEL", "green", [ "v-67.2" ] ],
    [ "mux57:SEL", "mux56:SEL", "green", [ "v0" ] ],
    [ "mux47:SEL", "mux46:SEL", "green", [ "v0" ] ],
    [ "mux48:SEL", "mux47:SEL", "green", [ "v0" ] ],
    [ "mux49:SEL", "mux48:SEL", "green", [ "v0" ] ],
    [ "mux50:SEL", "mux49:SEL", "green", [ "v0" ] ],
    [ "mux51:SEL", "mux50:SEL", "green", [ "v0" ] ],
    [ "mux52:SEL", "mux51:SEL", "green", [ "v0" ] ],
    [ "mux53:SEL", "mux52:SEL", "green", [ "v0" ] ],
    [ "mux73:OUT", "mux75:A", "green", [ "v0" ] ],
    [ "mux74:OUT", "mux75:B", "green", [ "v0" ] ],
    [ "mux69:OUT", "mux73:A", "green", [ "v0" ] ],
    [ "mux70:OUT", "mux73:B", "green", [ "v0" ] ],
    [ "mux71:OUT", "mux74:A", "green", [ "v0" ] ],
    [ "mux72:OUT", "mux74:B", "green", [ "v0" ] ],
    [ "mux61:OUT", "mux69:A", "green", [ "v0" ] ],
    [ "mux62:OUT", "mux69:B", "green", [ "v0" ] ],
    [ "mux63:OUT", "mux70:A", "green", [ "v0" ] ],
    [ "mux64:OUT", "mux70:B", "green", [ "v0" ] ],
    [ "mux65:OUT", "mux71:A", "green", [ "v0" ] ],
    [ "mux66:OUT", "mux71:B", "green", [ "v0" ] ],
    [ "mux67:OUT", "mux72:A", "green", [ "v0" ] ],
    [ "mux68:OUT", "mux72:B", "green", [ "v0" ] ],
    [ "mux69:SEL", "mux70:SEL", "green", [ "v0", "h28.8", "v57.6", "h-28.8", "v0" ] ],
    [ "mux71:SEL", "mux70:SEL", "green", [ "v-67.2" ] ],
    [ "mux72:SEL", "mux71:SEL", "green", [ "v0" ] ],
    [ "mux88:OUT", "mux90:A", "green", [ "v0" ] ],
    [ "mux89:OUT", "mux90:B", "green", [ "v0" ] ],
    [ "mux84:OUT", "mux88:A", "green", [ "v0" ] ],
    [ "mux85:OUT", "mux88:B", "green", [ "v0" ] ],
    [ "mux86:OUT", "mux89:A", "green", [ "v0" ] ],
    [ "mux87:OUT", "mux89:B", "green", [ "v0" ] ],
    [ "mux76:OUT", "mux84:A", "green", [ "v0" ] ],
    [ "mux77:OUT", "mux84:B", "green", [ "v0" ] ],
    [ "mux78:OUT", "mux85:A", "green", [ "v0" ] ],
    [ "mux79:OUT", "mux85:B", "green", [ "v0" ] ],
    [ "mux80:OUT", "mux86:A", "green", [ "v0" ] ],
    [ "mux81:OUT", "mux86:B", "green", [ "v0" ] ],
    [ "mux82:OUT", "mux87:A", "green", [ "v0" ] ],
    [ "mux83:OUT", "mux87:B", "green", [ "v0" ] ],
    [ "mux84:SEL", "mux85:SEL", "green", [ "v0", "h28.8", "v57.6", "h-28.8", "v0" ] ],
    [ "mux86:SEL", "mux85:SEL", "green", [ "v-67.2" ] ],
    [ "mux87:SEL", "mux86:SEL", "green", [ "v0" ] ],
    [ "mux84:SEL", "mux72:SEL", "green", [ "v0" ] ],
    [ "mux61:SEL", "mux62:SEL", "green", [ "v0" ] ],
    [ "mux62:SEL", "mux63:SEL", "green", [ "v0" ] ],
    [ "mux65:SEL", "mux64:SEL", "green", [ "v0" ] ],
    [ "mux66:SEL", "mux65:SEL", "green", [ "v-76.8" ] ],
    [ "mux67:SEL", "mux66:SEL", "green", [ "v0" ] ],
    [ "mux68:SEL", "mux67:SEL", "green", [ "v0" ] ],
    [ "mux76:SEL", "mux68:SEL", "green", [ "v0" ] ],
    [ "mux77:SEL", "mux76:SEL", "green", [ "v0" ] ],
    [ "mux78:SEL", "mux77:SEL", "green", [ "v0" ] ],
    [ "mux79:SEL", "mux78:SEL", "green", [ "v0" ] ],
    [ "mux80:SEL", "mux79:SEL", "green", [ "v0" ] ],
    [ "mux81:SEL", "mux80:SEL", "green", [ "v0" ] ],
    [ "mux82:SEL", "mux81:SEL", "green", [ "v0" ] ],
    [ "mux83:SEL", "mux82:SEL", "green", [ "v0" ] ],
    [ "mux103:OUT", "mux105:A", "green", [ "v0" ] ],
    [ "mux104:OUT", "mux105:B", "green", [ "v0" ] ],
    [ "mux99:OUT", "mux103:A", "green", [ "v0" ] ],
    [ "mux100:OUT", "mux103:B", "green", [ "v0" ] ],
    [ "mux101:OUT", "mux104:A", "green", [ "v0" ] ],
    [ "mux102:OUT", "mux104:B", "green", [ "v0" ] ],
    [ "mux91:OUT", "mux99:A", "green", [ "v0" ] ],
    [ "mux92:OUT", "mux99:B", "green", [ "v0" ] ],
    [ "mux93:OUT", "mux100:A", "green", [ "v0" ] ],
    [ "mux94:OUT", "mux100:B", "green", [ "v0" ] ],
    [ "mux95:OUT", "mux101:A", "green", [ "v0" ] ],
    [ "mux96:OUT", "mux101:B", "green", [ "v0" ] ],
    [ "mux97:OUT", "mux102:A", "green", [ "v0" ] ],
    [ "mux98:OUT", "mux102:B", "green", [ "v0" ] ],
    [ "mux99:SEL", "mux100:SEL", "green", [ "v0", "h28.8", "v57.6", "h-28.8", "v0" ] ],
    [ "mux101:SEL", "mux100:SEL", "green", [ "v-67.2" ] ],
    [ "mux102:SEL", "mux101:SEL", "green", [ "v0" ] ],
    [ "mux118:OUT", "mux120:A", "green", [ "v0" ] ],
    [ "mux119:OUT", "mux120:B", "green", [ "v0" ] ],
    [ "mux114:OUT", "mux118:A", "green", [ "v0" ] ],
    [ "mux115:OUT", "mux118:B", "green", [ "v0" ] ],
    [ "mux116:OUT", "mux119:A", "green", [ "v0" ] ],
    [ "mux117:OUT", "mux119:B", "green", [ "v0" ] ],
    [ "mux106:OUT", "mux114:A", "green", [ "v0" ] ],
    [ "mux107:OUT", "mux114:B", "green", [ "v0" ] ],
    [ "mux108:OUT", "mux115:A", "green", [ "v0" ] ],
    [ "mux109:OUT", "mux115:B", "green", [ "v0" ] ],
    [ "mux110:OUT", "mux116:A", "green", [ "v0" ] ],
    [ "mux111:OUT", "mux116:B", "green", [ "v0" ] ],
    [ "mux112:OUT", "mux117:A", "green", [ "v0" ] ],
    [ "mux113:OUT", "mux117:B", "green", [ "v0" ] ],
    [ "mux114:SEL", "mux115:SEL", "green", [ "v0", "h28.8", "v57.6", "h-28.8", "v0" ] ],
    [ "mux116:SEL", "mux115:SEL", "green", [ "v-67.2" ] ],
    [ "mux117:SEL", "mux116:SEL", "green", [ "v0" ] ],
    [ "mux114:SEL", "mux102:SEL", "green", [ "v0" ] ],
    [ "mux91:SEL", "mux92:SEL", "green", [ "v0" ] ],
    [ "mux92:SEL", "mux93:SEL", "green", [ "v0" ] ],
    [ "mux95:SEL", "mux94:SEL", "green", [ "v0" ] ],
    [ "mux96:SEL", "mux95:SEL", "green", [ "v-76.8" ] ],
    [ "mux97:SEL", "mux96:SEL", "green", [ "v0" ] ],
    [ "mux98:SEL", "mux97:SEL", "green", [ "v0" ] ],
    [ "mux106:SEL", "mux98:SEL", "green", [ "v0" ] ],
    [ "mux107:SEL", "mux106:SEL", "green", [ "v0" ] ],
    [ "mux108:SEL", "mux107:SEL", "green", [ "v0" ] ],
    [ "mux109:SEL", "mux108:SEL", "green", [ "v0" ] ],
    [ "mux110:SEL", "mux109:SEL", "green", [ "v0" ] ],
    [ "mux111:SEL", "mux110:SEL", "green", [ "v0" ] ],
    [ "mux112:SEL", "mux111:SEL", "green", [ "v0" ] ],
    [ "mux113:SEL", "mux112:SEL", "green", [ "v0" ] ],
    [ "mux69:SEL", "mux57:SEL", "green", [ "v0" ] ],
    [ "mux74:SEL", "mux73:SEL", "green", [ "v0" ] ],
    [ "mux73:SEL", "mux59:SEL", "green", [ "v0" ] ],
    [ "mux59:SEL", "mux58:SEL", "green", [ "v0" ] ],
    [ "mux29:SEL", "mux28:SEL", "green", [ "v0" ] ],
    [ "mux28:SEL", "mux14:SEL", "green", [ "v0" ] ],
    [ "mux14:SEL", "mux13:SEL", "green", [ "v0" ] ],
    [ "mux15:SEL", "mux30:SEL", "green", [ "v0" ] ],
    [ "mux75:SEL", "mux60:SEL", "green", [ "v0" ] ],
    [ "mux75:SEL", "mux90:SEL", "green", [ "v0" ] ],
    [ "mux105:SEL", "mux90:SEL", "green", [ "v0" ] ],
    [ "mux120:SEL", "mux105:SEL", "green", [ "v0" ] ],
    [ "mux119:SEL", "mux118:SEL", "green", [ "v0" ] ],
    [ "mux118:SEL", "mux104:SEL", "green", [ "v0" ] ],
    [ "mux104:SEL", "mux103:SEL", "green", [ "v0" ] ],
    [ "mux103:SEL", "mux89:SEL", "green", [ "v0" ] ],
    [ "mux89:SEL", "mux88:SEL", "green", [ "v0" ] ],
    [ "mux88:SEL", "mux74:SEL", "green", [ "v0" ] ],
    [ "mux53:SEL", "mux61:SEL", "green", [ "v0" ] ],
    [ "mux91:SEL", "mux83:SEL", "green", [ "v0" ] ],
    [ "mux99:SEL", "mux87:SEL", "green", [ "v0" ] ],
    [ "mux16:A", "sr2:Q1", "green", [ "h0" ] ],
    [ "sr4:Q1", "mux17:A", "green", [ "v0" ] ],
    [ "sr6:Q1", "mux17:B", "green", [ "v0" ] ],
    [ "sr6:Q1", "mux18:A", "green", [ "v0" ] ],
    [ "sr7:Q1", "mux18:B", "green", [ "v0" ] ],
    [ "sr8:Q1", "mux19:A", "green", [ "v0" ] ],
    [ "sr9:Q1", "mux19:B", "green", [ "v0" ] ],
    [ "sr10:Q1", "mux20:A", "green", [ "v0" ] ],
    [ "sr11:Q1", "mux20:B", "green", [ "v0" ] ],
    [ "sr12:Q1", "mux21:A", "green", [ "v0" ] ],
    [ "sr13:Q1", "mux21:B", "green", [ "v0" ] ],
    [ "sr14:Q1", "mux22:A", "green", [ "v0" ] ],
    [ "sr15:Q1", "mux22:B", "green", [ "v0" ] ],
    [ "sr16:Q1", "mux23:A", "green", [ "v0" ] ],
    [ "sr17:Q1", "mux23:B", "green", [ "v0" ] ],
    [ "gnd3:GND", "led9:C", "black", [ "v9.6", "h-76.8" ] ],
    [ "led9:C", "led10:C", "black", [ "v28.8", "h-47.6", "v-38.4" ] ],
    [ "led10:C", "led11:C", "black", [ "v28.8", "h-57.2" ] ],
    [ "led12:C", "led11:C", "black", [ "v28.8", "h67.6" ] ],
    [ "led13:C", "led12:C", "black", [ "v28.8", "h58" ] ],
    [ "led14:C", "led13:C", "black", [ "v28.8", "h58" ] ],
    [ "led15:C", "led14:C", "black", [ "v28.8", "h48.4" ] ],
    [ "led16:C", "led15:C", "black", [ "v28.8", "h58" ] ],
    [ "mux15:OUT", "led9:A", "#8f4814", [ "v9.6", "h566.4" ] ],
    [ "mux30:OUT", "led10:A", "#8f4814", [ "v19.2", "h268.8" ] ],
    [ "sr2:Q3", "mux46:A", "green", [ "v0" ] ],
    [ "sr3:Q3", "mux46:B", "green", [ "v0" ] ],
    [ "sr4:Q3", "mux47:A", "green", [ "v0" ] ],
    [ "sr5:Q3", "mux47:B", "green", [ "v0" ] ],
    [ "sr6:Q3", "mux48:A", "green", [ "v0" ] ],
    [ "sr7:Q3", "mux48:B", "green", [ "v0" ] ],
    [ "sr8:Q3", "mux49:A", "green", [ "v0" ] ],
    [ "sr9:Q3", "mux49:B", "green", [ "v0" ] ],
    [ "sr10:Q3", "mux50:A", "green", [ "v0" ] ],
    [ "sr11:Q3", "mux50:B", "green", [ "v0" ] ],
    [ "sr12:Q3", "mux51:A", "green", [ "v0" ] ],
    [ "sr13:Q3", "mux51:B", "green", [ "v0" ] ],
    [ "sr14:Q3", "mux52:A", "green", [ "v0" ] ],
    [ "sr15:Q3", "mux52:B", "green", [ "v0" ] ],
    [ "sr16:Q3", "mux53:A", "green", [ "v0" ] ],
    [ "sr17:Q3", "mux53:B", "green", [ "v0" ] ],
    [ "mux60:OUT", "led12:A", "#8f4814", [ "v0", "h384", "v-1152" ] ],
    [ "sr2:Q4", "mux61:A", "green", [ "v0" ] ],
    [ "sr3:Q4", "mux61:B", "green", [ "v0" ] ],
    [ "sr4:Q4", "mux62:A", "green", [ "v0" ] ],
    [ "sr5:Q4", "mux62:B", "green", [ "v0" ] ],
    [ "sr6:Q4", "mux63:A", "green", [ "v0" ] ],
    [ "sr7:Q4", "mux63:B", "green", [ "v0" ] ],
    [ "sr8:Q4", "mux64:A", "green", [ "v0" ] ],
    [ "sr9:Q4", "mux64:B", "green", [ "v0" ] ],
    [ "sr10:Q4", "mux65:A", "green", [ "v0" ] ],
    [ "sr11:Q4", "mux65:B", "green", [ "v0" ] ],
    [ "sr12:Q4", "mux66:A", "green", [ "v0" ] ],
    [ "sr13:Q4", "mux66:B", "green", [ "v0" ] ],
    [ "sr14:Q4", "mux67:A", "green", [ "v0" ] ],
    [ "sr15:Q4", "mux67:B", "green", [ "v0" ] ],
    [ "sr16:Q4", "mux68:A", "green", [ "v0" ] ],
    [ "sr17:Q4", "mux68:B", "green", [ "v0" ] ],
    [ "mux75:OUT", "led13:A", "#8f4814", [ "v0", "h326.4", "v-2083.2" ] ],
    [ "sr17:Q5", "mux83:B", "green", [ "v0" ] ],
    [ "sr16:Q5", "mux83:A", "green", [ "v0" ] ],
    [ "sr15:Q5", "mux82:B", "green", [ "v0" ] ],
    [ "sr14:Q5", "mux82:A", "green", [ "v0" ] ],
    [ "sr13:Q5", "mux81:B", "green", [ "v0" ] ],
    [ "sr12:Q5", "mux81:A", "green", [ "v0" ] ],
    [ "sr11:Q5", "mux80:B", "green", [ "v0" ] ],
    [ "sr10:Q5", "mux80:A", "green", [ "v0" ] ],
    [ "sr9:Q5", "mux79:B", "green", [ "v0" ] ],
    [ "sr8:Q5", "mux79:A", "green", [ "v0" ] ],
    [ "sr7:Q5", "mux78:B", "green", [ "v0" ] ],
    [ "sr6:Q5", "mux78:A", "green", [ "v0" ] ],
    [ "sr5:Q5", "mux77:B", "green", [ "v0" ] ],
    [ "sr4:Q5", "mux77:A", "green", [ "v0" ] ],
    [ "sr3:Q5", "mux76:B", "green", [ "v0" ] ],
    [ "sr2:Q5", "mux76:A", "green", [ "v0" ] ],
    [ "mux90:OUT", "led14:A", "#8f4814", [ "v0", "h144" ] ],
    [ "sr2:Q0", "mux1:A", "green", [ "v0" ] ],
    [ "sr3:Q0", "mux1:B", "green", [ "v0" ] ],
    [ "sr4:Q0", "mux2:A", "green", [ "v0" ] ],
    [ "sr5:Q0", "mux2:B", "green", [ "v0" ] ],
    [ "sr6:Q0", "mux3:A", "green", [ "v0" ] ],
    [ "sr7:Q0", "mux3:B", "green", [ "v0" ] ],
    [ "sr8:Q0", "mux4:A", "green", [ "v0" ] ],
    [ "sr9:Q0", "mux4:B", "green", [ "v0" ] ],
    [ "sr10:Q0", "mux5:A", "green", [ "v0" ] ],
    [ "sr11:Q0", "mux5:B", "green", [ "v0" ] ],
    [ "sr17:Q0", "mux8:B", "green", [ "v0" ] ],
    [ "sr16:Q0", "mux8:A", "green", [ "v0" ] ],
    [ "sr15:Q0", "mux7:B", "green", [ "v0" ] ],
    [ "sr14:Q0", "mux7:A", "green", [ "v0" ] ],
    [ "sr13:Q0", "mux6:B", "green", [ "v0" ] ],
    [ "sr12:Q0", "mux6:A", "green", [ "v-1592.4", "h316.8" ] ],
    [ "sr3:Q1", "mux16:B", "green", [ "v0" ] ],
    [ "mux21:OUT", "mux26:B", "green", [ "v0" ] ],
    [ "mux43:OUT", "mux45:A", "green", [ "v0" ] ],
    [ "mux44:OUT", "mux45:B", "green", [ "v0" ] ],
    [ "mux39:OUT", "mux43:A", "green", [ "v0" ] ],
    [ "mux40:OUT", "mux43:B", "green", [ "v0" ] ],
    [ "mux41:OUT", "mux44:A", "green", [ "v0" ] ],
    [ "mux42:OUT", "mux44:B", "green", [ "v0" ] ],
    [ "mux31:OUT", "mux39:A", "green", [ "v0" ] ],
    [ "mux32:OUT", "mux39:B", "green", [ "v0" ] ],
    [ "mux33:OUT", "mux40:A", "green", [ "v0" ] ],
    [ "mux34:OUT", "mux40:B", "green", [ "v0" ] ],
    [ "mux35:OUT", "mux41:A", "green", [ "v0" ] ],
    [ "mux36:OUT", "mux41:B", "green", [ "v0" ] ],
    [ "mux37:OUT", "mux42:A", "green", [ "v0" ] ],
    [ "mux38:OUT", "mux42:B", "green", [ "v0" ] ],
    [ "mux39:SEL", "mux40:SEL", "green", [ "v0", "h28.8", "v57.6", "h-28.8", "v0" ] ],
    [ "mux41:SEL", "mux40:SEL", "green", [ "v-67.2" ] ],
    [ "mux42:SEL", "mux41:SEL", "green", [ "v0" ] ],
    [ "mux32:SEL", "mux31:SEL", "green", [ "v0" ] ],
    [ "mux33:SEL", "mux32:SEL", "green", [ "v0" ] ],
    [ "mux34:SEL", "mux33:SEL", "green", [ "v0" ] ],
    [ "mux35:SEL", "mux34:SEL", "green", [ "v0" ] ],
    [ "mux36:SEL", "mux35:SEL", "green", [ "v0" ] ],
    [ "mux37:SEL", "mux36:SEL", "green", [ "v0" ] ],
    [ "mux38:SEL", "mux37:SEL", "green", [ "v0" ] ],
    [ "mux44:SEL", "mux43:SEL", "green", [ "v0" ] ],
    [ "mux23:SEL", "mux31:SEL", "green", [ "v-9.6", "h48" ] ],
    [ "mux27:SEL", "mux39:SEL", "green", [ "v0" ] ],
    [ "mux29:SEL", "mux43:SEL", "green", [ "v0" ] ],
    [ "mux30:SEL", "mux45:SEL", "green", [ "v0" ] ],
    [ "sr2:Q2", "mux31:A", "green", [ "v0" ] ],
    [ "sr3:Q2", "mux31:B", "green", [ "v0" ] ],
    [ "sr4:Q2", "mux32:A", "green", [ "v0" ] ],
    [ "sr5:Q2", "mux32:B", "green", [ "v0" ] ],
    [ "sr6:Q2", "mux33:A", "green", [ "v0" ] ],
    [ "sr7:Q2", "mux33:B", "green", [ "v0" ] ],
    [ "sr8:Q2", "mux34:A", "green", [ "v0" ] ],
    [ "sr9:Q2", "mux34:B", "green", [ "v0" ] ],
    [ "mux38:SEL", "mux46:SEL", "green", [ "v0" ] ],
    [ "mux42:SEL", "mux54:SEL", "green", [ "v0" ] ],
    [ "mux44:SEL", "mux58:SEL", "green", [ "v0" ] ],
    [ "mux45:SEL", "mux60:SEL", "green", [ "v0" ] ],
    [ "sr10:Q2", "mux35:A", "green", [ "v0" ] ],
    [ "sr11:Q2", "mux35:B", "green", [ "v0" ] ],
    [ "sr12:Q2", "mux36:A", "green", [ "v0" ] ],
    [ "sr13:Q2", "mux36:B", "green", [ "v0" ] ],
    [ "sr17:Q2", "mux38:B", "green", [ "v0" ] ],
    [ "sr16:Q2", "mux38:A", "green", [ "v0" ] ],
    [ "sr15:Q2", "mux37:B", "green", [ "v0" ] ],
    [ "sr14:Q2", "mux37:A", "green", [ "v0" ] ],
    [ "mux45:OUT", "led11:A", "#8f4814", [ "v-28.8", "h441.6" ] ],
    [ "sr2:Q6", "mux91:A", "green", [ "v0" ] ],
    [ "sr3:Q6", "mux91:B", "green", [ "v1584", "h384" ] ],
    [ "sr4:Q6", "mux92:A", "green", [ "v0" ] ],
    [ "sr5:Q6", "mux92:B", "green", [ "v0" ] ],
    [ "sr6:Q6", "mux93:A", "green", [ "v0" ] ],
    [ "sr7:Q6", "mux93:B", "green", [ "v0" ] ],
    [ "sr17:Q6", "mux98:B", "green", [ "v0" ] ],
    [ "sr16:Q6", "mux98:A", "green", [ "v0" ] ],
    [ "sr15:Q6", "mux97:B", "green", [ "v0" ] ],
    [ "sr14:Q6", "mux97:A", "green", [ "v0" ] ],
    [ "sr13:Q6", "mux96:B", "green", [ "v0" ] ],
    [ "sr12:Q6", "mux96:A", "green", [ "v0" ] ],
    [ "sr11:Q6", "mux95:B", "green", [ "v1257.6", "h393.6" ] ],
    [ "sr10:Q6", "mux95:A", "green", [ "v0" ] ],
    [ "sr9:Q6", "mux94:B", "green", [ "v0" ] ],
    [ "sr8:Q6", "mux94:A", "green", [ "v0" ] ],
    [ "mux105:OUT", "led15:A", "#8f4814", [ "v0", "h192" ] ],
    [ "mega:37", "sr17:DS", "green", [ "v1.9", "h89.8", "v528", "h105.6" ] ],
    [ "sr17:Q7", "mux113:B", "green", [ "v0" ] ],
    [ "sr16:Q7", "mux113:A", "green", [ "v0" ] ],
    [ "sr15:Q7", "mux112:B", "green", [ "v1641.6", "h441.6" ] ],
    [ "sr14:Q7", "mux112:A", "green", [ "v0" ] ],
    [ "sr13:Q7", "mux111:B", "green", [ "v0" ] ],
    [ "sr12:Q7", "mux111:A", "green", [ "v0" ] ],
    [ "sr11:Q7", "mux110:B", "green", [ "v0" ] ],
    [ "sr10:Q7", "mux110:A", "green", [ "v0" ] ],
    [ "sr9:Q7", "mux109:B", "green", [ "v1804.8", "h460.8" ] ],
    [ "sr8:Q7", "mux109:A", "green", [ "v0" ] ],
    [ "sr7:Q7", "mux108:B", "green", [ "v0" ] ],
    [ "sr6:Q7", "mux108:A", "green", [ "v0" ] ],
    [ "sr5:Q7", "mux107:B", "green", [ "v0" ] ],
    [ "sr2:Q7", "mux106:A", "green", [ "v0" ] ],
    [ "sr3:Q7", "mux106:B", "green", [ "v0" ] ],
    [ "sr4:Q7", "mux107:A", "green", [ "v0" ] ],
    [ "mux120:OUT", "led16:A", "#8f4814", [ "v-2131.2", "h38.4", "v-1353.6" ] ],
    [ "mux8:SEL", "mux16:SEL", "green", [ "v0" ] ],
    [ "mux4:SEL", "mux3:SEL", "green", [ "v0" ] ],
    [ "mux64:SEL", "mux63:SEL", "green", [ "v0" ] ],
    [ "mux94:SEL", "mux93:SEL", "green", [ "v0" ] ],
    [ "flop8:Q", "mux121:A", "green", [ "v0" ] ],
    [ "flop4:Q", "mux128:A", "green", [ "v0" ] ],
    [ "flop3:Q", "mux122:A", "green", [ "v0" ] ],
    [ "flop2:Q", "mux123:A", "green", [ "v0" ] ],
    [ "flop1:Q", "mux124:A", "green", [ "v0" ] ],
    [ "flop5:Q", "mux125:A", "green", [ "v0" ] ],
    [ "flop6:Q", "mux126:A", "green", [ "v0" ] ],
    [ "flop7:Q", "mux127:A", "green", [ "v0" ] ],
    [ "mux128:SEL", "mux122:SEL", "green", [ "v19.2", "h172.8" ] ],
    [ "mux122:SEL", "mux123:SEL", "green", [ "v28.8", "h192" ] ],
    [ "mux123:SEL", "mux124:SEL", "green", [ "v28.8", "h153.6" ] ],
    [ "mux124:SEL", "mux125:SEL", "green", [ "v28.8", "h144" ] ],
    [ "mux125:SEL", "mux126:SEL", "green", [ "v28.8", "h144" ] ],
    [ "mux126:SEL", "mux127:SEL", "green", [ "v28.8", "h163.2" ] ],
    [ "flop8:CLK", "flop4:CLK", "green", [ "h0", "v48", "h163.2" ] ],
    [ "flop4:CLK", "flop3:CLK", "green", [ "h0", "v57.6", "h182.4" ] ],
    [ "flop3:CLK", "flop2:CLK", "green", [ "h0", "v57.6", "h163.2" ] ],
    [ "flop2:CLK", "flop1:CLK", "green", [ "h0", "v67.2", "h153.6" ] ],
    [ "flop1:CLK", "flop5:CLK", "green", [ "h0", "v57.6", "h144" ] ],
    [ "flop5:CLK", "flop6:CLK", "green", [ "h0", "v57.6", "h153.6", "v-57.6" ] ],
    [ "flop6:CLK", "flop7:CLK", "green", [ "h0", "v57.6", "h172.8" ] ],
    [ "mux121:OUT", "flop8:D", "#8f4814", [ "v48", "h-28.8" ] ],
    [ "mux128:OUT", "flop4:D", "red", [ "v38.4", "h-9.6" ] ],
    [ "mux122:OUT", "flop3:D", "orange", [ "v28.8", "h-19.2", "v9.6" ] ],
    [ "mux123:OUT", "flop2:D", "gold", [ "v19.2", "h-38.4" ] ],
    [ "mux124:OUT", "flop1:D", "blue", [ "v28.8", "h-28.8" ] ],
    [ "mux125:OUT", "flop5:D", "violet", [ "v38.4", "h-28.8" ] ],
    [ "mux126:OUT", "flop6:D", "gray", [ "v28.8", "h-19.2" ] ],
    [ "mux127:OUT", "flop7:D", "white", [ "v19.2", "h-19.2" ] ],
    [ "mux121:SEL", "mux128:SEL", "green", [ "v28.8", "h144" ] ],
    [ "flop8:R", "flop4:R", "green", [ "h0" ] ],
    [ "flop4:R", "flop3:R", "green", [ "h0" ] ],
    [ "flop3:R", "flop2:R", "green", [ "h0" ] ],
    [ "flop2:R", "flop1:R", "green", [ "h124.8", "v19.2" ] ],
    [ "flop1:R", "flop5:R", "green", [ "h0" ] ],
    [ "flop5:R", "flop6:R", "green", [ "h0" ] ],
    [ "flop6:R", "flop7:R", "green", [ "h0" ] ],
    [ "mux129:OUT", "mux121:B", "green", [ "v0" ] ],
    [ "mux130:OUT", "mux128:B", "green", [ "v0" ] ],
    [ "mux131:OUT", "mux122:B", "green", [ "v0" ] ],
    [ "mux132:OUT", "mux123:B", "green", [ "v0" ] ],
    [ "mux15:OUT", "mux134:A", "orange", [ "v38.4", "h1603.2" ] ],
    [ "mux30:OUT", "mux135:A", "orange", [ "v-86.4", "h1785.6" ] ],
    [ "mux45:OUT", "mux136:A", "orange", [ "v-604.8", "h1536" ] ],
    [ "mux60:OUT", "mux133:A", "orange", [ "v-1065.6", "h1420.8" ] ],
    [ "mux75:OUT", "mux132:A", "orange", [ "v-1564.8", "h1296" ] ],
    [ "mux90:OUT", "mux131:A", "orange", [ "v-2102.4", "h1065.6" ] ],
    [ "mux105:OUT", "mux130:A", "orange", [ "v-2592", "h902.4" ] ],
    [ "mux120:OUT", "mux129:A", "orange", [ "v-3091.2", "h691.2" ] ],
    [ "mux133:OUT", "mux124:B", "green", [ "v0" ] ],
    [ "mux136:OUT", "mux125:B", "green", [ "v0" ] ],
    [ "mux135:OUT", "mux126:B", "green", [ "v0" ] ],
    [ "mux134:OUT", "mux127:B", "green", [ "v0" ] ],
    [ "mega:A0", "mux129:SEL", "red", [ "v631.5", "h2028.3", "v-1699.2" ] ],
    [ "mux129:SEL", "mux130:SEL", "green", [ "v28.8", "h144" ] ],
    [ "mux130:SEL", "mux131:SEL", "green", [ "v19.2", "h172.8" ] ],
    [ "mux131:SEL", "mux132:SEL", "green", [ "v19.2", "h182.4" ] ],
    [ "mux132:SEL", "mux133:SEL", "green", [ "v19.2", "h163.2" ] ],
    [ "mux133:SEL", "mux136:SEL", "green", [ "v0" ] ],
    [ "mux136:SEL", "mux135:SEL", "green", [ "v0" ] ],
    [ "mux135:SEL", "mux134:SEL", "green", [ "v0" ] ],
    [ "mega:A1", "mux121:SEL", "orange", [ "v113.1", "h2038", "v-1027.2" ] ],
    [ "mega:A2", "flop8:CLK", "violet", [ "v103.5", "h2057.3", "v-912" ] ],
    [ "flop16:Q", "mux137:A", "green", [ "v0" ] ],
    [ "flop12:Q", "mux144:A", "green", [ "v0" ] ],
    [ "flop11:Q", "mux138:A", "green", [ "v0" ] ],
    [ "flop10:Q", "mux139:A", "green", [ "v0" ] ],
    [ "flop9:Q", "mux140:A", "green", [ "v0" ] ],
    [ "flop13:Q", "mux141:A", "green", [ "v0" ] ],
    [ "flop14:Q", "mux142:A", "green", [ "v0" ] ],
    [ "flop15:Q", "mux143:A", "green", [ "v0" ] ],
    [ "mux144:SEL", "mux138:SEL", "green", [ "v19.2", "h172.8" ] ],
    [ "mux138:SEL", "mux139:SEL", "green", [ "v28.8", "h192" ] ],
    [ "mux139:SEL", "mux140:SEL", "green", [ "v28.8", "h153.6" ] ],
    [ "mux140:SEL", "mux141:SEL", "green", [ "v28.8", "h144" ] ],
    [ "mux141:SEL", "mux142:SEL", "green", [ "v28.8", "h144" ] ],
    [ "mux142:SEL", "mux143:SEL", "green", [ "v28.8", "h163.2" ] ],
    [ "flop16:CLK", "flop12:CLK", "green", [ "h0", "v48", "h163.2" ] ],
    [ "flop12:CLK", "flop11:CLK", "green", [ "h0", "v57.6", "h182.4" ] ],
    [ "flop11:CLK", "flop10:CLK", "green", [ "h0", "v57.6", "h163.2" ] ],
    [ "flop10:CLK", "flop9:CLK", "green", [ "h0", "v67.2", "h153.6" ] ],
    [ "flop9:CLK", "flop13:CLK", "green", [ "h0", "v57.6", "h144" ] ],
    [ "flop13:CLK", "flop14:CLK", "green", [ "h0", "v57.6", "h153.6", "v-57.6" ] ],
    [ "flop14:CLK", "flop15:CLK", "green", [ "h0", "v57.6", "h172.8" ] ],
    [ "mux137:OUT", "flop16:D", "#8f4814", [ "v48", "h-28.8" ] ],
    [ "mux144:OUT", "flop12:D", "red", [ "v38.4", "h-9.6" ] ],
    [ "mux138:OUT", "flop11:D", "orange", [ "v28.8", "h-19.2", "v9.6" ] ],
    [ "mux139:OUT", "flop10:D", "gold", [ "v19.2", "h-38.4" ] ],
    [ "mux140:OUT", "flop9:D", "blue", [ "v28.8", "h-28.8" ] ],
    [ "mux141:OUT", "flop13:D", "violet", [ "v38.4", "h-28.8" ] ],
    [ "mux142:OUT", "flop14:D", "gray", [ "v28.8", "h-19.2" ] ],
    [ "mux143:OUT", "flop15:D", "white", [ "v19.2", "h-19.2" ] ],
    [ "mux137:SEL", "mux144:SEL", "green", [ "v28.8", "h144" ] ],
    [ "flop16:R", "flop12:R", "green", [ "h0" ] ],
    [ "flop12:R", "flop11:R", "green", [ "h0" ] ],
    [ "flop11:R", "flop10:R", "green", [ "h0" ] ],
    [ "flop10:R", "flop9:R", "green", [ "h124.8", "v19.2" ] ],
    [ "flop9:R", "flop13:R", "green", [ "h0" ] ],
    [ "flop13:R", "flop14:R", "green", [ "h0" ] ],
    [ "flop14:R", "flop15:R", "green", [ "h0" ] ],
    [ "mux15:OUT", "mux143:B", "red", [ "v9.6", "h576", "v1017.6", "h1392" ] ],
    [ "mux30:OUT", "mux142:B", "red", [ "v0", "h480", "v508.8", "h1276.8" ] ],
    [ "mux45:OUT", "mux141:B", "red", [ "v9.6", "h1545.6" ] ],
    [ "mux60:OUT", "mux140:B", "red", [ "v-432", "h1478.4" ] ],
    [ "mux75:OUT", "mux139:B", "red", [ "v-38.4", "h489.6", "v-960", "h758.4" ] ],
    [ "mux90:OUT", "mux138:B", "red", [ "v-28.8", "h556.8", "v-1344", "h624" ] ],
    [ "mux105:OUT", "mux144:B", "red", [ "v-9.6", "h556.8", "v-1814.4", "h422.4" ] ],
    [ "mux120:OUT", "mux137:B", "red", [ "v-38.4", "h537.6", "v-2246.4", "h220.8" ] ],
    [ "mega:A3", "mux137:SEL", "green", [ "v698.7", "h2114.75", "v-1094.4" ] ],
    [ "mega:A4", "flop16:CLK", "green", [ "v669.9", "h2086.05", "v-940.8" ] ],
    [ "mux149:OUT", "flop17:D", "green", [ "v0" ] ],
    [ "xor4:OUT", "mux149:B", "green", [ "v0", "h-76.8" ] ],
    [ "flop17:Q", "and4:A", "green", [ "v0" ] ],
    [ "flop17:Q", "xor4:A", "green", [ "v-268.8", "h-57.6" ] ],
    [ "and4:OUT", "and3:B", "green", [ "v0", "h-86.4", "v-9.6" ] ],
    [ "and4:OUT", "xor3:A", "green", [ "v0", "h-86.4" ] ],
    [ "mux150:OUT", "flop18:D", "green", [ "v0" ] ],
    [ "xor3:OUT", "mux150:B", "green", [ "v19.2", "h-57.6" ] ],
    [ "mux151:OUT", "flop19:D", "green", [ "v0" ] ],
    [ "xor2:OUT", "mux151:B", "green", [ "v28.8", "h-57.6" ] ],
    [ "mux152:OUT", "flop20:D", "green", [ "v0" ] ],
    [ "xor1:OUT", "mux152:B", "green", [ "v19.2", "h-28.8" ] ],
    [ "flop20:Q", "and1:A", "green", [ "v-288", "h-96" ] ],
    [ "flop20:Q", "xor1:A", "green", [ "v-288", "h-76.8" ] ],
    [ "and2:OUT", "and1:B", "green", [ "v0", "h-96", "v-19.2" ] ],
    [ "and2:OUT", "xor1:B", "green", [ "v0", "h-105.6" ] ],
    [ "and3:OUT", "and2:B", "green", [ "v0", "h-38.4", "v-9.6" ] ],
    [ "and3:OUT", "xor2:A", "green", [ "v0", "h-57.6" ] ],
    [ "flop19:Q", "and2:A", "green", [ "v0" ] ],
    [ "flop19:Q", "xor2:B", "green", [ "v-288", "h-67.2" ] ],
    [ "flop18:Q", "and3:A", "green", [ "v0" ] ],
    [ "and4:B", "xor4:B", "green", [ "h19.2", "v48" ] ],
    [ "mux152:SEL", "mux151:SEL", "green", [ "v28.8", "h220.8" ] ],
    [ "mux151:SEL", "mux150:SEL", "green", [ "v19.2", "h172.8" ] ],
    [ "mux150:SEL", "mux149:SEL", "green", [ "v28.8", "h182.4" ] ],
    [ "flop20:CLK", "flop19:CLK", "green", [ "h0", "v76.8", "h201.6" ] ],
    [ "flop19:CLK", "flop18:CLK", "green", [ "h0", "v76.8", "h182.4" ] ],
    [ "flop18:CLK", "flop17:CLK", "green", [ "h0", "v67.2", "h201.6" ] ],
    [ "xor3:B", "flop18:Q", "green", [ "v-9.6", "h86.4" ] ],
    [ "flop17:R", "flop18:R", "green", [ "h0" ] ],
    [ "flop18:R", "flop19:R", "green", [ "h0" ] ],
    [ "flop19:R", "flop20:R", "green", [ "h0" ] ],
    [ "mega:2", "flop20:CLK", "orange", [ "v-431.4", "h-842.8", "v-153.6" ] ],
    [ "mega:7", "mux149:SEL", "red", [ "v-479.4", "h-247.6" ] ],
    [ "mega:9", "and4:B", "green", [ "v0" ] ],
    [ "mux145:OUT", "mux1:SEL", "green", [ "v0" ] ],
    [ "mux146:OUT", "mux9:SEL", "green", [ "v0" ] ],
    [ "mux147:OUT", "mux13:SEL", "green", [ "v0" ] ],
    [ "mux148:OUT", "mux15:SEL", "green", [ "v0" ] ],
    [ "mega:10", "mux145:SEL", "blue", [ "v-450.6", "h264.9", "v-1219.2" ] ],
    [ "mux145:SEL", "mux146:SEL", "green", [ "v28.8", "h163.2" ] ],
    [ "mux146:SEL", "mux147:SEL", "green", [ "v19.2", "h172.8" ] ],
    [ "mux147:SEL", "mux148:SEL", "green", [ "v0" ] ],
    [ "flop17:Q", "mux145:A", "red", [ "v-1200", "h835.2", "v57.6" ] ],
    [ "flop18:Q", "mux146:A", "red", [ "v-1200", "h1209.6", "v57.6" ] ],
    [ "flop19:Q", "mux147:A", "red", [ "v-1180.8", "h1555.2" ] ],
    [ "flop20:Q", "mux148:A", "red", [ "v-1180.8", "h1497.6" ] ],
    [ "gate1:OUT", "gate2:A", "black", [ "v0" ] ],
    [ "gate3:OUT", "gate5:A", "black", [ "v0" ] ],
    [ "gate1:OUT", "gate3:A", "black", [ "v0" ] ],
    [ "gate4:OUT", "gate5:B", "black", [ "v-1.44", "h72.41", "v-20.85" ] ],
    [ "gate1:A", "gate4:A", "yellow", [ "h-30.64", "v95.09" ] ],
    [ "gate2:B", "gate3:B", "green", [ "h-36.44", "v39.39" ] ],
    [ "xor5:OUT", "gate1:B", "green", [ "v0" ] ],
    [ "gate1:B", "gate4:B", "green", [ "h-7.8", "v95.56" ] ],
    [ "gate6:OUT", "gate7:A", "black", [ "v0" ] ],
    [ "gate8:OUT", "gate10:A", "black", [ "v0" ] ],
    [ "gate6:OUT", "gate8:A", "black", [ "v0" ] ],
    [ "gate9:OUT", "gate10:B", "black", [ "v-1.44", "h72.41", "v-20.85" ] ],
    [ "gate6:A", "gate9:A", "green", [ "h-30.64", "v95.09" ] ],
    [ "gate7:B", "gate8:B", "green", [ "h-36.44", "v39.39" ] ],
    [ "xor6:OUT", "gate6:B", "green", [ "v0" ] ],
    [ "gate6:B", "gate9:B", "green", [ "h-7.8", "v95.56" ] ],
    [ "gate11:OUT", "gate12:A", "black", [ "v0" ] ],
    [ "gate13:OUT", "gate15:A", "black", [ "v0" ] ],
    [ "gate11:OUT", "gate13:A", "black", [ "v0" ] ],
    [ "gate14:OUT", "gate15:B", "black", [ "v-1.44", "h72.41", "v-20.85" ] ],
    [ "gate11:A", "gate14:A", "green", [ "h-30.64", "v95.09" ] ],
    [ "gate12:B", "gate13:B", "green", [ "h-36.44", "v39.39" ] ],
    [ "xor7:OUT", "gate11:B", "green", [ "v0" ] ],
    [ "gate11:B", "gate14:B", "green", [ "h-7.8", "v95.56" ] ],
    [ "gate16:OUT", "gate17:A", "black", [ "v0" ] ],
    [ "gate18:OUT", "gate20:A", "black", [ "v0" ] ],
    [ "gate16:OUT", "gate18:A", "black", [ "v0" ] ],
    [ "gate19:OUT", "gate20:B", "black", [ "v-1.44", "h72.41", "v-20.85" ] ],
    [ "gate16:A", "gate19:A", "green", [ "h-30.64", "v95.09" ] ],
    [ "gate17:B", "gate18:B", "green", [ "h-36.44", "v39.39" ] ],
    [ "xor8:OUT", "gate16:B", "green", [ "v0" ] ],
    [ "gate16:B", "gate19:B", "green", [ "h-7.8", "v95.56" ] ],
    [ "gate5:OUT", "gate7:B", "green", [ "v163.67", "h-140.36", "v67.2" ] ],
    [ "gate10:OUT", "gate12:B", "green", [ "v106.21", "h-185.21", "v48" ] ],
    [ "gate15:OUT", "gate17:B", "green", [ "v87.01", "h-185.21", "v48" ] ],
    [ "gate21:OUT", "gate22:A", "black", [ "v0" ] ],
    [ "gate23:OUT", "gate25:A", "black", [ "v0" ] ],
    [ "gate21:OUT", "gate23:A", "black", [ "v0" ] ],
    [ "gate24:OUT", "gate25:B", "black", [ "v-1.44", "h72.41", "v-20.85" ] ],
    [ "gate21:A", "gate24:A", "green", [ "h-30.64", "v95.09" ] ],
    [ "gate22:B", "gate23:B", "green", [ "h-36.44", "v39.39" ] ],
    [ "gate26:OUT", "gate27:A", "black", [ "v0" ] ],
    [ "gate28:OUT", "gate30:A", "black", [ "v0" ] ],
    [ "gate26:OUT", "gate28:A", "black", [ "v0" ] ],
    [ "gate29:OUT", "gate30:B", "black", [ "v-1.44", "h72.41", "v-20.85" ] ],
    [ "gate26:A", "gate29:A", "blue", [ "h-30.64", "v95.09" ] ],
    [ "gate27:B", "gate28:B", "green", [ "h-36.44", "v39.39" ] ],
    [ "xor10:OUT", "gate26:B", "green", [ "v0" ] ],
    [ "gate26:B", "gate29:B", "green", [ "h-7.8", "v95.56" ] ],
    [ "gate31:OUT", "gate32:A", "black", [ "v0" ] ],
    [ "gate33:OUT", "gate35:A", "black", [ "v0" ] ],
    [ "gate31:OUT", "gate33:A", "black", [ "v0" ] ],
    [ "gate34:OUT", "gate35:B", "black", [ "v-1.44", "h72.41", "v-20.85" ] ],
    [ "gate31:A", "gate34:A", "violet", [ "h-30.64", "v95.09" ] ],
    [ "gate32:B", "gate33:B", "green", [ "h-36.44", "v39.39" ] ],
    [ "xor11:OUT", "gate31:B", "green", [ "v0" ] ],
    [ "gate31:B", "gate34:B", "green", [ "h-7.8", "v95.56" ] ],
    [ "gate36:OUT", "gate37:A", "black", [ "v0" ] ],
    [ "gate38:OUT", "gate40:A", "black", [ "v0" ] ],
    [ "gate36:OUT", "gate38:A", "black", [ "v0" ] ],
    [ "gate39:OUT", "gate40:B", "black", [ "v-1.44", "h72.41", "v-20.85" ] ],
    [ "gate36:A", "gate39:A", "yellow", [ "h-30.64", "v95.09" ] ],
    [ "gate37:B", "gate38:B", "green", [ "h-36.44", "v39.39" ] ],
    [ "xor12:OUT", "gate36:B", "green", [ "v0" ] ],
    [ "gate36:B", "gate39:B", "green", [ "h-7.8", "v95.56" ] ],
    [ "gate25:OUT", "gate27:B", "green", [ "v163.67", "h-140.36", "v67.2" ] ],
    [ "gate30:OUT", "gate32:B", "green", [ "v106.21", "h-185.21", "v48" ] ],
    [ "gate35:OUT", "gate37:B", "green", [ "v87.01", "h-185.21", "v48" ] ],
    [ "gate20:OUT", "gate22:B", "green", [ "v125.27", "h-274.76", "v48" ] ],
    [ "xor6:B", "xor7:B", "white", [ "h-46.2", "v220.36" ] ],
    [ "gate21:B", "xor9:OUT", "green", [ "h-11.44", "v171.89" ] ],
    [ "gate21:B", "gate24:B", "green", [ "h-11.44", "v95.09" ] ],
    [ "xor5:B", "gate2:B", "green", [ "h-57.6", "v-307.2", "h259.2", "v144" ] ],
    [ "xor5:B", "xor6:B", "green", [ "h-38.4", "v220.8" ] ],
    [ "xor7:B", "xor8:B", "white", [ "h-54.4", "v161.46" ] ],
    [ "xor8:B", "xor9:B", "white", [ "h-57.6", "v307.2" ] ],
    [ "xor9:B", "xor10:B", "white", [ "h-67.2", "v192" ] ],
    [ "xor10:B", "xor11:B", "white", [ "h-57.6", "v172.8" ] ],
    [ "xor11:B", "xor12:B", "white", [ "h-57.6", "v211.2" ] ],
    [ "flop7:Q", "gate1:A", "green", [ "v0" ] ],
    [ "flop6:Q", "gate6:A", "green", [ "v0" ] ],
    [ "flop5:Q", "gate11:A", "green", [ "v-5.07", "h26.08", "v115.2", "h710.4", "v96" ] ],
    [ "flop1:Q", "gate16:A", "green", [ "v-5.07", "h26.08", "v134.4", "h816", "v211.2" ] ],
    [ "flop2:Q", "gate21:A", "green", [ "v4.53", "h26.08", "v153.6", "h960", "v364.8" ] ],
    [ "flop3:Q", "gate26:A", "green", [ "v-5.07", "h35.68", "v192", "h1123.2", "v595.2" ] ],
    [ "flop4:Q", "gate31:A", "green", [ "v-5.07", "h26.08", "v211.2", "h1296", "v614.4" ] ],
    [ "flop8:Q", "gate36:A", "green", [ "v186.93", "h-50.72", "v816" ] ],
    [ "flop28:Q", "mux153:A", "green", [ "v0" ] ],
    [ "flop24:Q", "mux160:A", "green", [ "v0" ] ],
    [ "flop23:Q", "mux154:A", "green", [ "v0" ] ],
    [ "flop22:Q", "mux155:A", "green", [ "v0" ] ],
    [ "flop21:Q", "mux156:A", "green", [ "v0" ] ],
    [ "flop25:Q", "mux157:A", "green", [ "v0" ] ],
    [ "flop26:Q", "mux158:A", "green", [ "v0" ] ],
    [ "flop27:Q", "mux159:A", "green", [ "v0" ] ],
    [ "mux160:SEL", "mux154:SEL", "green", [ "v19.2", "h172.8" ] ],
    [ "mux154:SEL", "mux155:SEL", "green", [ "v28.8", "h192" ] ],
    [ "mux155:SEL", "mux156:SEL", "green", [ "v28.8", "h153.6" ] ],
    [ "mux156:SEL", "mux157:SEL", "green", [ "v28.8", "h144" ] ],
    [ "mux157:SEL", "mux158:SEL", "green", [ "v28.8", "h144" ] ],
    [ "mux158:SEL", "mux159:SEL", "green", [ "v28.8", "h163.2" ] ],
    [ "flop28:CLK", "flop24:CLK", "green", [ "h0", "v48", "h163.2" ] ],
    [ "flop24:CLK", "flop23:CLK", "green", [ "h0", "v57.6", "h182.4" ] ],
    [ "flop23:CLK", "flop22:CLK", "green", [ "h0", "v57.6", "h163.2" ] ],
    [ "flop22:CLK", "flop21:CLK", "green", [ "h0", "v67.2", "h153.6" ] ],
    [ "flop21:CLK", "flop25:CLK", "green", [ "h0", "v57.6", "h144" ] ],
    [ "flop25:CLK", "flop26:CLK", "green", [ "h0", "v57.6", "h153.6", "v-57.6" ] ],
    [ "flop26:CLK", "flop27:CLK", "green", [ "h0", "v57.6", "h172.8" ] ],
    [ "mux153:OUT", "flop28:D", "#8f4814", [ "v48", "h-28.8" ] ],
    [ "mux160:OUT", "flop24:D", "red", [ "v38.4", "h-9.6" ] ],
    [ "mux154:OUT", "flop23:D", "orange", [ "v28.8", "h-19.2", "v9.6" ] ],
    [ "mux155:OUT", "flop22:D", "gold", [ "v19.2", "h-38.4" ] ],
    [ "mux156:OUT", "flop21:D", "blue", [ "v28.8", "h-28.8" ] ],
    [ "mux157:OUT", "flop25:D", "violet", [ "v38.4", "h-28.8" ] ],
    [ "mux158:OUT", "flop26:D", "gray", [ "v28.8", "h-19.2" ] ],
    [ "mux159:OUT", "flop27:D", "white", [ "v19.2", "h-19.2" ] ],
    [ "mux153:SEL", "mux160:SEL", "green", [ "v28.8", "h144" ] ],
    [ "flop28:R", "flop24:R", "green", [ "h0" ] ],
    [ "flop24:R", "flop23:R", "green", [ "h0" ] ],
    [ "flop23:R", "flop22:R", "green", [ "h0" ] ],
    [ "flop22:R", "flop21:R", "green", [ "h124.8", "v19.2" ] ],
    [ "flop21:R", "flop25:R", "green", [ "h0" ] ],
    [ "flop25:R", "flop26:R", "green", [ "h0" ] ],
    [ "flop26:R", "flop27:R", "green", [ "h0" ] ],
    [ "flop27:Q", "xor5:A", "green", [ "v0", "h153.6", "v-1065.6" ] ],
    [ "flop26:Q", "xor6:A", "green", [ "v-230.4", "h297.6", "v-681.6" ] ],
    [ "flop25:Q", "xor7:A", "green", [ "v-307.2", "h624", "v-384" ] ],
    [ "flop21:Q", "xor8:A", "green", [ "v-278.4", "h787.2", "v-249.6", "h240" ] ],
    [ "flop22:Q", "xor9:A", "green", [ "v0" ] ],
    [ "flop23:Q", "xor10:A", "green", [ "v-38.4", "h1257.6", "v48" ] ],
    [ "flop24:Q", "xor11:A", "green", [ "v0", "h28.8", "v57.6" ] ],
    [ "flop28:Q", "xor12:A", "green", [ "v0", "h38.4", "v182.4" ] ],
    [ "mega:A5", "xor5:B", "white", [ "v1063.5", "h3833.35", "v-1977.6" ] ],
    [ "mux15:OUT", "mux159:B", "green", [ "v0", "h681.6", "v1526.4", "h1392" ] ],
    [ "mux30:OUT", "mux158:B", "green", [ "v0", "h566.4", "v1027.2", "h1296" ] ],
    [ "mux45:OUT", "mux157:B", "green", [ "v9.6", "h432", "v518.4", "h1257.6", "v105.6" ] ],
    [ "mux60:OUT", "mux156:B", "green", [ "v9.6", "h1545.6", "v144" ] ],
    [ "mux75:OUT", "mux155:B", "green", [ "v-403.2", "h1411.2" ] ],
    [ "mux90:OUT", "mux154:B", "green", [ "v-355.2", "h748.8", "v-518.4", "h480" ] ],
    [ "mux105:OUT", "mux160:B", "green", [ "v-297.6", "h672", "v-1046.4", "h355.2" ] ],
    [ "mux120:OUT", "mux153:B", "blue", [ "v-19.2", "h672", "v-1766.4" ] ],
    [ "mega:A6", "flop28:CLK", "green", [ "v545.1", "h2114.8", "v-374.4" ] ],
    [ "mega:A7", "mux153:SEL", "green", [ "v593.1", "h2105.3", "v-518.4" ] ],
    [ "gate2:OUT", "mux134:B", "violet", [ "v-86.62", "h-1108.53" ] ],
    [ "gate7:OUT", "mux135:B", "violet", [ "v-441.46", "h-1312.05" ] ],
    [ "gate12:OUT", "mux136:B", "violet", [ "v-19.5", "h91.35", "v-614.4", "h-1555.2" ] ],
    [ "gate17:OUT", "mux133:B", "violet", [ "v-0.22", "h101.07", "v-835.2", "h-1804.8" ] ],
    [ "gate22:OUT", "mux132:B", "violet", [ "v-10.29", "h164.63", "v-1046.4", "h-1948.8" ] ],
    [ "gate27:OUT", "mux131:B", "violet", [ "v-9.46", "h175.95", "v-1334.4", "h-2140.8" ] ],
    [ "gate32:OUT", "mux130:B", "violet", [ "v-0.55", "h71.78", "v-1574.4", "h-2304" ] ],
    [ "gate37:OUT", "mux129:B", "violet", [ "v-10.29", "h78.23", "v-1756.8", "h-2496" ] ],
    [
      "flop10:Q",
      "mega:14",
      "red",
      [ "v124.8", "h-710.4", "v2150.4", "h-2294.4", "v-2188.8", "h297.6" ]
    ],
    [
      "flop11:Q",
      "mega:15",
      "green",
      [ "v0", "h19.2", "v124.8", "h-528", "v2323.2", "h-2457.6", "v-2352", "h403.2" ]
    ],
    [
      "flop12:Q",
      "mega:16",
      "green",
      [ "v0", "h28.8", "v105.6", "h-537.6", "v-624", "h-1641.6" ]
    ],
    [
      "flop16:Q",
      "mega:17",
      "green",
      [ "v0", "h28.8", "v124.8", "h-374.4", "v-643.2", "h-1872" ]
    ],
    [ "flop15:Q", "mux145:B", "blue", [ "v-1737.6", "h-2716.8" ] ],
    [ "flop14:Q", "mux146:B", "blue", [ "v-268.8", "h172.8", "v-1488", "h-2553.6" ] ],
    [ "flop13:Q", "mux147:B", "blue", [ "v-259.2", "h336", "v-1516.8", "h-2361.6", "v153.6" ] ],
    [ "flop9:Q", "mux148:B", "blue", [ "v-249.6", "h499.2", "v-1545.6", "h-2227.2" ] ],
    [ "gnd1:GND", "led1:C", "black", [ "v9.6", "h-76.8" ] ],
    [ "led1:C", "led2:C", "black", [ "v28.8", "h-47.6", "v-38.4" ] ],
    [ "led2:C", "led3:C", "black", [ "v28.8", "h-57.2" ] ],
    [ "led4:C", "led3:C", "black", [ "v28.8", "h67.6" ] ],
    [ "mux148:B", "led1:A", "blue", [ "v0" ] ],
    [ "mux147:B", "led2:A", "blue", [ "v0" ] ],
    [ "mux146:B", "led3:A", "blue", [ "v0" ] ],
    [ "mux145:B", "led4:A", "blue", [ "v0" ] ],
    [ "gnd5:GND", "led5:C", "black", [ "v9.6", "h-76.8" ] ],
    [ "led5:C", "led6:C", "green", [ "v28.8", "h-47.6", "v-38.4" ] ],
    [ "led6:C", "led7:C", "green", [ "v28.8", "h-57.2" ] ],
    [ "led8:C", "led7:C", "green", [ "v28.8", "h67.6" ] ],
    [ "led25:C", "led8:C", "green", [ "v28.8", "h58" ] ],
    [ "led26:C", "led25:C", "green", [ "v28.8", "h58" ] ],
    [ "led27:C", "led26:C", "green", [ "v28.8", "h48.4" ] ],
    [ "led28:C", "led27:C", "green", [ "v28.8", "h58" ] ],
    [ "gate2:OUT", "led5:A", "green", [ "v18.98", "h1003.47" ] ],
    [ "gate7:OUT", "led6:A", "green", [ "v0.14", "h828.75" ] ],
    [ "gate12:OUT", "led7:A", "green", [ "v9.3", "h811.35" ] ],
    [ "gate17:OUT", "led8:A", "green", [ "v-0.22", "h648.27" ] ],
    [ "gate22:OUT", "led25:A", "green", [ "v-10.29", "h606.23" ] ],
    [ "gate27:OUT", "led26:A", "green", [ "v-9.46", "h473.55" ] ],
    [ "gate32:OUT", "led27:A", "green", [ "v-0.55", "h465.38" ] ],
    [ "gate37:OUT", "led28:A", "green", [ "v-10.29", "h279.83" ] ],
    [ "flop20:R", "mega:13", "green", [ "h0", "v326.4", "h633.6" ] ],
    [ "mega:3", "mux161:A", "gray", [ "v-729", "h78.7", "v-115.2" ] ],
    [ "mux161:OUT", "mux149:A", "green", [ "v9.6", "h-297.6" ] ],
    [ "mega:21", "mux161:SEL", "violet", [ "v0" ] ],
    [ "flop15:Q", "mux161:B", "blue", [ "v-1737.6", "h-3273.6" ] ],
    [ "mega:4", "mux162:A", "green", [ "v0" ] ],
    [ "mux161:SEL", "mux162:SEL", "green", [ "v0" ] ],
    [ "mux162:OUT", "mux150:A", "green", [ "v0" ] ],
    [ "flop14:Q", "mux162:B", "blue", [ "v-278.4", "h172.8", "v-1440", "h-3744" ] ],
    [ "mux163:SEL", "mux162:SEL", "green", [ "v0" ] ],
    [ "mega:5", "mux163:A", "green", [ "v-1065", "h-507.1", "v28.8" ] ],
    [ "flop13:Q", "mux163:B", "blue", [ "v-278.4", "h326.4", "v-1420.8", "h-3667.2" ] ],
    [ "mux151:A", "mux163:OUT", "green", [ "v-9.6", "h76.8" ] ],
    [ "mega:6", "mux164:A", "green", [ "v-1103.4", "h-708.8" ] ],
    [ "mux164:OUT", "mux152:A", "green", [ "v0" ] ],
    [ "mux164:SEL", "mux163:SEL", "green", [ "v0", "h201.6" ] ],
    [ "flop9:Q", "mux164:B", "blue", [ "v-240", "h499.2", "v-1507.2", "h-3964.8" ] ],
    [ "flop8:R", "mega:A8", "green", [ "h-249.6", "v2803.2", "h-1891.2" ] ],
    [ "flop28:R", "mega:A9", "green", [ "h-86.4", "v1968", "h-2294.4" ] ],
    [ "gnd4:GND", "led17:C", "black", [ "v9.6", "h-76.8" ] ],
    [ "led17:C", "led18:C", "green", [ "v28.8", "h-47.6", "v-38.4" ] ],
    [ "led18:C", "led19:C", "green", [ "v28.8", "h-57.2" ] ],
    [ "led20:C", "led19:C", "green", [ "v28.8", "h67.6" ] ],
    [ "led21:C", "led20:C", "green", [ "v28.8", "h58" ] ],
    [ "led22:C", "led21:C", "green", [ "v28.8", "h58" ] ],
    [ "led23:C", "led22:C", "green", [ "v28.8", "h48.4" ] ],
    [ "led24:C", "led23:C", "green", [ "v28.8", "h58" ] ],
    [ "flop7:Q", "led17:A", "green", [ "v-657.87", "h-271.52" ] ],
    [ "flop6:Q", "led18:A", "green", [ "v-648.27", "h-146.72" ] ],
    [ "flop5:Q", "led19:A", "green", [ "v-638.67", "h-60.32" ] ],
    [ "flop1:Q", "led20:A", "green", [ "v-667.47", "h16.48" ] ],
    [ "flop2:Q", "led21:A", "green", [ "v-600.27", "h102.88" ] ],
    [ "flop3:Q", "led22:A", "green", [ "v-600.27", "h237.28" ] ],
    [ "flop4:Q", "led23:A", "green", [ "v-638.67", "h352.48" ] ],
    [ "flop8:Q", "led24:A", "green", [ "v-662.4", "h451.2" ] ],
    [ "flop7:Q", "mega:18", "blue", [ "v-1253.07", "h-3113.12" ] ],
    [ "flop6:Q", "mega:19", "blue", [ "v-72.27", "h170.08", "v-1190.4", "h-3244.8" ] ],
    [ "flop5:Q", "mega:20", "blue", [ "v-72.27", "h342.88", "v-1171.2", "h-3196.8" ] ],
    [
      "flop1:Q",
      "mega:A10",
      "blue",
      [ "v4.53", "h35.68", "v115.2", "h-1056", "v796.8", "h-1747.2" ]
    ],
    [
      "flop2:Q",
      "mega:A11",
      "blue",
      [ "v4.53", "h35.68", "v172.8", "h-672", "v739.2", "h-1948.8" ]
    ],
    [
      "flop3:Q",
      "mega:A12",
      "blue",
      [ "v-5.07", "h45.28", "v230.4", "h-566.4", "v700.8", "h-1891.2" ]
    ],
    [
      "flop4:Q",
      "mega:A13",
      "blue",
      [ "v4.53", "h26.08", "v201.6", "h-412.8", "v691.2", "h-1852.8" ]
    ],
    [ "flop8:Q", "mega:A14", "blue", [ "v0", "h28.8", "v192", "h-336", "v681.6", "h-1737.6" ] ]
  ],
  "dependencies": {}
}